above_majority_sign_agrees,bf16_above_majority,bf16_accuracy,bf16_macro_f1,location,model_id,q8_above_majority,q8_accuracy,q8_macro_f1,q8_model_revision,split,status,task
True,0.1657810839532412,0.8544102019128587,0.8357017036794977,prompt_final,gemma-4-2b,0.15196599362380447,0.8405951115834219,0.819491757922392,Q8_0-artifact,lemma-heldout,metric_comparison_only,pos
True,0.11052072263549417,0.7991498405951116,0.7610142277926314,target_final_subtoken,gemma-4-2b,0.13708820403825717,0.8257173219978746,0.7877621624619223,Q8_0-artifact,lemma-heldout,metric_comparison_only,pos
True,0.274468085106383,0.9287234042553192,0.9220520436894706,prompt_final,gemma-4-2b,0.29968119022316686,0.9319872476089267,0.9271277007666692,Q8_0-artifact,lemma-heldout,metric_comparison_only,gender
True,0.13617021276595742,0.7904255319148936,0.7764539007092199,target_final_subtoken,gemma-4-2b,0.2263549415515409,0.8586609989373007,0.8509524404985203,Q8_0-artifact,lemma-heldout,metric_comparison_only,gender
True,0.1372340425531915,0.9478723404255319,0.9088516639700903,prompt_final,gemma-4-2b,0.128586609989373,0.9681190223166843,0.876497650503112,Q8_0-artifact,lemma-heldout,metric_comparison_only,number
True,0.0989361702127659,0.9095744680851063,0.7389910292333424,target_final_subtoken,gemma-4-2b,0.1243358129649309,0.9638682252922423,0.9100050590775245,Q8_0-artifact,lemma-heldout,metric_comparison_only,number
True,0.16153028692879912,0.7247608926673751,0.7013004268399952,prompt_final,gemma-4-2b,0.21997874601487777,0.7832093517534537,0.7533410462227117,Q8_0-artifact,root-heldout,metric_comparison_only,pos
True,0.21253985122210417,0.7757704569606801,0.7592137770267903,target_final_subtoken,gemma-4-2b,0.26567481402763016,0.8289054197662061,0.8204373355077075,Q8_0-artifact,root-heldout,metric_comparison_only,pos
True,0.29255319148936165,0.8946808510638298,0.8924628051422794,prompt_final,gemma-4-2b,0.2784272051009564,0.89798087141339,0.8936923366597628,Q8_0-artifact,root-heldout,metric_comparison_only,gender
True,0.2053191489361702,0.8074468085106383,0.7984120834266392,target_final_subtoken,gemma-4-2b,0.24654622741764076,0.8660998937300743,0.8571934439498179,Q8_0-artifact,root-heldout,metric_comparison_only,gender
False,-0.03297872340425534,0.8308510638297872,0.7581294895873745,prompt_final,gemma-4-2b,0.09351753453772582,0.9691817215727949,0.7889862914862915,Q8_0-artifact,root-heldout,metric_comparison_only,number
True,0.07234042553191489,0.9361702127659575,0.755175739708234,target_final_subtoken,gemma-4-2b,0.06269925611052074,0.9383634431455898,0.7816058160581605,Q8_0-artifact,root-heldout,metric_comparison_only,number
True,0.14984059511158343,0.8384697130712009,0.834239985586883,prompt_final,llama-3.1-8b,0.20191285866099895,0.8905419766206164,0.8673502133880794,Q8_0-artifact,lemma-heldout,metric_comparison_only,pos
True,0.10839532412327313,0.7970244420828906,0.7742888159232613,target_final_subtoken,llama-3.1-8b,0.10414452709883104,0.7927736450584485,0.7766807342517938,Q8_0-artifact,lemma-heldout,metric_comparison_only,pos
True,0.28510638297872337,0.9393617021276596,0.9328361857271253,prompt_final,llama-3.1-8b,0.29968119022316686,0.9319872476089267,0.926866469131005,Q8_0-artifact,lemma-heldout,metric_comparison_only,gender
True,0.2468085106382979,0.9010638297872341,0.8913550051638064,target_final_subtoken,llama-3.1-8b,0.25398512221041447,0.8862911795961743,0.8783798637726921,Q8_0-artifact,lemma-heldout,metric_comparison_only,gender
True,0.14255319148936174,0.9531914893617022,0.9467756641385884,prompt_final,llama-3.1-8b,0.12752391073326252,0.9670563230605739,0.901998211650635,Q8_0-artifact,lemma-heldout,metric_comparison_only,number
True,0.17872340425531918,0.9893617021276596,0.9880145775587722,target_final_subtoken,llama-3.1-8b,0.1402763018065888,0.9798087141339001,0.9387960471335207,Q8_0-artifact,lemma-heldout,metric_comparison_only,number
True,0.24654622741764076,0.8097768331562167,0.8191673380435454,prompt_final,llama-3.1-8b,0.2678002125398512,0.8310308182784272,0.8251114212652674,Q8_0-artifact,root-heldout,metric_comparison_only,pos
True,0.28161530286928804,0.844845908607864,0.8460751226314752,target_final_subtoken,llama-3.1-8b,0.28905419766206164,0.8522848034006376,0.8559579869374971,Q8_0-artifact,root-heldout,metric_comparison_only,pos
True,0.2734042553191489,0.875531914893617,0.8735732735877578,prompt_final,llama-3.1-8b,0.30393198724760895,0.9234856535600425,0.9195947934566928,Q8_0-artifact,root-heldout,metric_comparison_only,gender
True,0.31382978723404253,0.9159574468085107,0.9124167481444876,target_final_subtoken,llama-3.1-8b,0.2911795961742827,0.9107332624867163,0.906193925699475,Q8_0-artifact,root-heldout,metric_comparison_only,gender
False,-0.015957446808510634,0.847872340425532,0.7155555491816824,prompt_final,llama-3.1-8b,0.029755579171094504,0.9054197662061636,0.7880634031796823,Q8_0-artifact,root-heldout,metric_comparison_only,number
True,0.12446808510638296,0.9882978723404255,0.960510848112794,target_final_subtoken,llama-3.1-8b,0.10839532412327313,0.9840595111583422,0.9099751816100542,Q8_0-artifact,root-heldout,metric_comparison_only,number
True,0.13708820403825717,0.8257173219978746,0.79367244542575,prompt_final,llama-3.2-1b,0.06588735387885225,0.7545164718384697,0.732527509766758,Q8_0-artifact,lemma-heldout,metric_comparison_only,pos
True,0.03719447396386821,0.7258235919234857,0.6629050959901265,target_final_subtoken,llama-3.2-1b,0.015940488841657774,0.7045696068012752,0.6313033727710703,Q8_0-artifact,lemma-heldout,metric_comparison_only,pos
True,0.27553191489361695,0.9297872340425531,0.9215858763574591,prompt_final,llama-3.2-1b,0.2518597236981934,0.8841657810839533,0.8779720583388952,Q8_0-artifact,lemma-heldout,metric_comparison_only,gender
True,0.0340425531914893,0.6882978723404255,0.6595848819201282,target_final_subtoken,llama-3.2-1b,0.13390010626992555,0.7662061636556854,0.7514885239604341,Q8_0-artifact,lemma-heldout,metric_comparison_only,gender
True,0.07978723404255317,0.8904255319148936,0.8473193161453786,prompt_final,llama-3.2-1b,0.0680127523910733,0.9075451647183846,0.78198180684147,Q8_0-artifact,lemma-heldout,metric_comparison_only,number
False,0.04042553191489362,0.851063829787234,0.5732820107762536,target_final_subtoken,llama-3.2-1b,-0.09883103081827838,0.740701381509033,0.531814194314704,Q8_0-artifact,lemma-heldout,metric_comparison_only,number
True,0.1923485653560043,0.7555791710945803,0.7557795345170398,prompt_final,llama-3.2-1b,0.20616365568544104,0.769394261424017,0.7720526031151059,Q8_0-artifact,root-heldout,metric_comparison_only,pos
True,0.150903294367694,0.71413390010627,0.6900756238597868,target_final_subtoken,llama-3.2-1b,0.11052072263549417,0.6737513283740701,0.6688089482868684,Q8_0-artifact,root-heldout,metric_comparison_only,pos
True,0.27553191489361695,0.8776595744680851,0.8738668729602547,prompt_final,llama-3.2-1b,0.19128586609989373,0.8108395324123273,0.793455099685308,Q8_0-artifact,root-heldout,metric_comparison_only,gender
True,0.11382978723404247,0.7159574468085106,0.7097930115826098,target_final_subtoken,llama-3.2-1b,0.13071200850159403,0.7502656748140276,0.7292789136633135,Q8_0-artifact,root-heldout,metric_comparison_only,gender
True,0.025531914893616947,0.8893617021276595,0.779456663360753,prompt_final,llama-3.2-1b,0.029755579171094504,0.9054197662061636,0.5373591759130508,Q8_0-artifact,root-heldout,metric_comparison_only,number
True,-0.043617021276595724,0.8202127659574469,0.6280467040426789,target_final_subtoken,llama-3.2-1b,-0.061636556854410274,0.8140276301806588,0.4899058265401662,Q8_0-artifact,root-heldout,metric_comparison_only,number
True,0.16790648246546225,0.8565356004250797,0.8363721512445347,prompt_final,llama-3.2-3b,0.18703506907545164,0.8756641870350691,0.8426971815654536,Q8_0-artifact,lemma-heldout,metric_comparison_only,pos
True,0.09883103081827838,0.7874601487778958,0.7447017213338595,target_final_subtoken,llama-3.2-3b,0.06482465462274178,0.7534537725823592,0.7220438938672039,Q8_0-artifact,lemma-heldout,metric_comparison_only,pos
True,0.2563829787234042,0.9106382978723404,0.8990895567403985,prompt_final,llama-3.2-3b,0.27417640807651433,0.9064824654622742,0.8995623865940869,Q8_0-artifact,lemma-heldout,metric_comparison_only,gender
True,0.1436170212765957,0.7978723404255319,0.7805638011362519,target_final_subtoken,llama-3.2-3b,0.19341126461211477,0.8257173219978746,0.8163054449882873,Q8_0-artifact,lemma-heldout,metric_comparison_only,gender
True,0.14574468085106385,0.9563829787234043,0.951193742133856,prompt_final,llama-3.2-3b,0.10733262486716266,0.946865037194474,0.9113498882741758,Q8_0-artifact,lemma-heldout,metric_comparison_only,number
True,0.08404255319148934,0.8946808510638298,0.7276416501856285,target_final_subtoken,llama-3.2-3b,0.09032943676939431,0.9298618490967057,0.8575618972555169,Q8_0-artifact,lemma-heldout,metric_comparison_only,number
True,0.259298618490967,0.822529224229543,0.842624619951518,prompt_final,llama-3.2-3b,0.15621679064824656,0.7194473963868225,0.7180289457015606,Q8_0-artifact,root-heldout,metric_comparison_only,pos
True,0.24760892667375134,0.8108395324123273,0.8001449551410212,target_final_subtoken,llama-3.2-3b,0.26567481402763016,0.8289054197662061,0.8267994129306562,Q8_0-artifact,root-heldout,metric_comparison_only,pos
True,0.2946808510638298,0.8968085106382979,0.8887493884144653,prompt_final,llama-3.2-3b,0.1849096705632306,0.8044633368756642,0.8035258767032508,Q8_0-artifact,root-heldout,metric_comparison_only,gender
True,0.23085106382978715,0.8329787234042553,0.828674052326506,target_final_subtoken,llama-3.2-3b,0.22848034006376194,0.8480340063761955,0.8422623408562611,Q8_0-artifact,root-heldout,metric_comparison_only,gender
True,0.009574468085106314,0.8734042553191489,0.7450379327537912,prompt_final,llama-3.2-3b,0.004250797024442088,0.8799149840595112,0.6710268757498029,Q8_0-artifact,root-heldout,metric_comparison_only,number
True,0.07340425531914896,0.9372340425531915,0.8886453131977429,target_final_subtoken,llama-3.2-3b,0.0903294367693942,0.9659936238044633,0.843192520994036,Q8_0-artifact,root-heldout,metric_comparison_only,number
True,0.18384697130712002,0.8724760892667375,0.8395847285426455,prompt_final,mistral-7b,0.1700318809776833,0.8586609989373007,0.8329606871397871,bartowski/Mistral-7B-Instruct-v0.3-GGUF@61fd4167fff3ab01ee1cfe0da183fa27a944db48,lemma-heldout,metric_comparison_only,pos
True,0.13815090329436763,0.8267800212539851,0.7902881308434253,target_final_subtoken,mistral-7b,0.13496280552603612,0.8235919234856536,0.7832410592064551,bartowski/Mistral-7B-Instruct-v0.3-GGUF@61fd4167fff3ab01ee1cfe0da183fa27a944db48,lemma-heldout,metric_comparison_only,pos
True,0.325531914893617,0.9797872340425532,0.9776772043760679,prompt_final,mistral-7b,0.3390010626992561,0.971307120085016,0.9690522738484588,bartowski/Mistral-7B-Instruct-v0.3-GGUF@61fd4167fff3ab01ee1cfe0da183fa27a944db48,lemma-heldout,metric_comparison_only,gender
True,0.2595744680851063,0.9138297872340425,0.9069846990196377,target_final_subtoken,mistral-7b,0.22529224229543032,0.8575982996811902,0.8502090757899738,bartowski/Mistral-7B-Instruct-v0.3-GGUF@61fd4167fff3ab01ee1cfe0da183fa27a944db48,lemma-heldout,metric_comparison_only,gender
True,0.16170212765957448,0.9723404255319149,0.9689795334411463,prompt_final,mistral-7b,0.14984059511158343,0.9893730074388948,0.9859882005899706,bartowski/Mistral-7B-Instruct-v0.3-GGUF@61fd4167fff3ab01ee1cfe0da183fa27a944db48,lemma-heldout,metric_comparison_only,number
True,0.12021276595744679,0.9308510638297872,0.8898296158274585,target_final_subtoken,mistral-7b,0.12327311370882044,0.9628055260361318,0.786884246333558,bartowski/Mistral-7B-Instruct-v0.3-GGUF@61fd4167fff3ab01ee1cfe0da183fa27a944db48,lemma-heldout,metric_comparison_only,number
True,0.20085015940488837,0.7640807651434643,0.7879756068540064,prompt_final,mistral-7b,0.24442082890541983,0.8076514346439958,0.8083319878538107,bartowski/Mistral-7B-Instruct-v0.3-GGUF@61fd4167fff3ab01ee1cfe0da183fa27a944db48,root-heldout,metric_comparison_only,pos
True,0.2646121147715197,0.8278427205100957,0.8209305237523316,target_final_subtoken,mistral-7b,0.25398512221041447,0.8172157279489904,0.813058618523351,bartowski/Mistral-7B-Instruct-v0.3-GGUF@61fd4167fff3ab01ee1cfe0da183fa27a944db48,root-heldout,metric_comparison_only,pos
True,0.3244680851063829,0.926595744680851,0.9227782679044051,prompt_final,mistral-7b,0.34431455897980867,0.9638682252922423,0.9617183087805952,bartowski/Mistral-7B-Instruct-v0.3-GGUF@61fd4167fff3ab01ee1cfe0da183fa27a944db48,root-heldout,metric_comparison_only,gender
True,0.29574468085106376,0.8978723404255319,0.8945848577876838,target_final_subtoken,mistral-7b,0.279489904357067,0.8990435706695006,0.8940648089445586,bartowski/Mistral-7B-Instruct-v0.3-GGUF@61fd4167fff3ab01ee1cfe0da183fa27a944db48,root-heldout,metric_comparison_only,gender
True,0.09999999999999998,0.9638297872340426,0.8252403217720947,prompt_final,mistral-7b,0.07651434643995747,0.9521785334750266,0.694804863841561,bartowski/Mistral-7B-Instruct-v0.3-GGUF@61fd4167fff3ab01ee1cfe0da183fa27a944db48,root-heldout,metric_comparison_only,number
True,0.09787234042553183,0.9617021276595744,0.8908934790633477,target_final_subtoken,mistral-7b,0.08926673751328373,0.9649309245483528,0.8368872402519583,bartowski/Mistral-7B-Instruct-v0.3-GGUF@61fd4167fff3ab01ee1cfe0da183fa27a944db48,root-heldout,metric_comparison_only,number
True,0.15196599362380447,0.8405951115834219,0.8175747743870309,prompt_final,phi-3-mini,0.14240170031880972,0.8310308182784272,0.8111671732157232,bartowski/Phi-3-mini-4k-instruct-GGUF@b1ba0d294ce7ca37cdeb70d2f86f5f633fb27155,lemma-heldout,metric_comparison_only,pos
True,0.06163655685441016,0.7502656748140276,0.7205551655663315,target_final_subtoken,phi-3-mini,0.057385759829968075,0.7460148777895855,0.7148997062699092,bartowski/Phi-3-mini-4k-instruct-GGUF@b1ba0d294ce7ca37cdeb70d2f86f5f633fb27155,lemma-heldout,metric_comparison_only,pos
True,0.30319148936170215,0.9574468085106383,0.9524762887014904,prompt_final,phi-3-mini,0.3198724760892667,0.9521785334750266,0.947957185890369,bartowski/Phi-3-mini-4k-instruct-GGUF@b1ba0d294ce7ca37cdeb70d2f86f5f633fb27155,lemma-heldout,metric_comparison_only,gender
True,0.25212765957446803,0.9063829787234042,0.894792535764433,target_final_subtoken,phi-3-mini,0.3177470775770457,0.9500531349628055,0.9454994904479006,bartowski/Phi-3-mini-4k-instruct-GGUF@b1ba0d294ce7ca37cdeb70d2f86f5f633fb27155,lemma-heldout,metric_comparison_only,gender
True,0.1606382978723404,0.9712765957446808,0.9381774332786743,prompt_final,phi-3-mini,0.1317747077577046,0.971307120085016,0.9635471387832079,bartowski/Phi-3-mini-4k-instruct-GGUF@b1ba0d294ce7ca37cdeb70d2f86f5f633fb27155,lemma-heldout,metric_comparison_only,number
True,0.13617021276595742,0.9468085106382979,0.8928764166216946,target_final_subtoken,phi-3-mini,0.08926673751328373,0.9287991498405951,0.7499269941819979,bartowski/Phi-3-mini-4k-instruct-GGUF@b1ba0d294ce7ca37cdeb70d2f86f5f633fb27155,lemma-heldout,metric_comparison_only,number
True,0.17534537725823596,0.7385759829968119,0.7407017213476467,prompt_final,phi-3-mini,0.2221041445270988,0.7853347502656748,0.7660127249381986,bartowski/Phi-3-mini-4k-instruct-GGUF@b1ba0d294ce7ca37cdeb70d2f86f5f633fb27155,root-heldout,metric_comparison_only,pos
True,0.1997874601487779,0.7630180658873539,0.7636442972972258,target_final_subtoken,phi-3-mini,0.23910733262486716,0.8023379383634431,0.793965880289912,bartowski/Phi-3-mini-4k-instruct-GGUF@b1ba0d294ce7ca37cdeb70d2f86f5f633fb27155,root-heldout,metric_comparison_only,pos
True,0.3393617021276596,0.9414893617021277,0.9393385437261152,prompt_final,phi-3-mini,0.257173219978746,0.8767268862911796,0.8734687253674596,bartowski/Phi-3-mini-4k-instruct-GGUF@b1ba0d294ce7ca37cdeb70d2f86f5f633fb27155,root-heldout,metric_comparison_only,gender
True,0.3425531914893617,0.9446808510638298,0.9425263029174251,target_final_subtoken,phi-3-mini,0.26248671625929865,0.8820403825717322,0.8757330135377741,bartowski/Phi-3-mini-4k-instruct-GGUF@b1ba0d294ce7ca37cdeb70d2f86f5f633fb27155,root-heldout,metric_comparison_only,gender
True,0.10744680851063826,0.9712765957446808,0.9022492642196432,prompt_final,phi-3-mini,0.08501594048884165,0.9606801275239107,0.7736265618251946,bartowski/Phi-3-mini-4k-instruct-GGUF@b1ba0d294ce7ca37cdeb70d2f86f5f633fb27155,root-heldout,metric_comparison_only,number
True,0.07446808510638292,0.9382978723404255,0.8210971261246369,target_final_subtoken,phi-3-mini,0.03400637619553659,0.9096705632306057,0.6822097378277153,bartowski/Phi-3-mini-4k-instruct-GGUF@b1ba0d294ce7ca37cdeb70d2f86f5f633fb27155,root-heldout,metric_comparison_only,number
True,0.24760892667375134,0.9362380446333688,0.9215650462187859,prompt_final,qwen2.5-1.5b,0.1466524973432518,0.8352816153028693,0.7900603023436888,Q8_0-artifact,lemma-heldout,metric_comparison_only,pos
True,0.14133900106269925,0.8299681190223167,0.8003727110678982,target_final_subtoken,qwen2.5-1.5b,0.10733262486716255,0.79596174282678,0.7631619230700771,Q8_0-artifact,lemma-heldout,metric_comparison_only,pos
True,0.2914893617021276,0.9457446808510638,0.9398173429997175,prompt_final,qwen2.5-1.5b,0.25504782146652494,0.8873538788522848,0.8795861702641363,Q8_0-artifact,lemma-heldout,metric_comparison_only,gender
True,0.1574468085106383,0.8117021276595745,0.8006849881223204,target_final_subtoken,qwen2.5-1.5b,0.18703506907545164,0.8193411264612115,0.805739058629232,Q8_0-artifact,lemma-heldout,metric_comparison_only,gender
True,0.16702127659574473,0.9776595744680852,0.9746563115978967,prompt_final,qwen2.5-1.5b,0.08501594048884165,0.924548352816153,0.8356010836730632,Q8_0-artifact,lemma-heldout,metric_comparison_only,number
True,0.1638297872340425,0.9744680851063829,0.9713657231764427,target_final_subtoken,qwen2.5-1.5b,0.1392136025504782,0.9787460148777896,0.971810430443524,Q8_0-artifact,lemma-heldout,metric_comparison_only,number
True,0.2869287991498406,0.8501594048884166,0.8381096785190273,prompt_final,qwen2.5-1.5b,0.14665249734325192,0.7098831030818279,0.6956751491561025,Q8_0-artifact,root-heldout,metric_comparison_only,pos
True,0.23698193411264612,0.8002125398512221,0.7982765830775541,target_final_subtoken,qwen2.5-1.5b,0.19766206163655686,0.7608926673751328,0.7406912274110669,Q8_0-artifact,root-heldout,metric_comparison_only,pos
True,0.34787234042553183,0.95,0.9480747826557081,prompt_final,qwen2.5-1.5b,0.2221041445270988,0.8416578108395324,0.8359178705800434,Q8_0-artifact,root-heldout,metric_comparison_only,gender
True,0.1946808510638297,0.7968085106382978,0.7886210448859455,target_final_subtoken,qwen2.5-1.5b,0.20297555791710942,0.822529224229543,0.815473946866285,Q8_0-artifact,root-heldout,metric_comparison_only,gender
True,0.08510638297872342,0.948936170212766,0.9052519618981353,prompt_final,qwen2.5-1.5b,0.07438894792773643,0.9500531349628055,0.7591323710513503,Q8_0-artifact,root-heldout,metric_comparison_only,number
True,0.10638297872340419,0.9702127659574468,0.8688046038080511,target_final_subtoken,qwen2.5-1.5b,0.08820403825717316,0.9638682252922423,0.8170126170126171,Q8_0-artifact,root-heldout,metric_comparison_only,number
True,0.18703506907545164,0.8756641870350691,0.8364879226817624,prompt_final,qwen3-0.6b,0.1806588735387885,0.869287991498406,0.8311773510503268,Q8_0-artifact,lemma-heldout,metric_comparison_only,pos
True,0.17640807651434642,0.8650371944739639,0.8299160794559297,target_final_subtoken,qwen3-0.6b,0.17959617428267793,0.8682252922422954,0.8337424662075908,Q8_0-artifact,lemma-heldout,metric_comparison_only,pos
True,0.27553191489361695,0.9297872340425531,0.9217058137597868,prompt_final,qwen3-0.6b,0.2975557917109458,0.9298618490967057,0.9245810462913489,Q8_0-artifact,lemma-heldout,metric_comparison_only,gender
True,0.19042553191489364,0.8446808510638298,0.8273267605775569,target_final_subtoken,qwen3-0.6b,0.2529224229543039,0.8852284803400637,0.8780034572169404,Q8_0-artifact,lemma-heldout,metric_comparison_only,gender
True,0.14574468085106385,0.9563829787234043,0.8838342571589156,prompt_final,qwen3-0.6b,0.09670563230605744,0.9362380446333688,0.7812505771969406,Q8_0-artifact,lemma-heldout,metric_comparison_only,number
True,0.1404255319148936,0.951063829787234,0.9141475545730865,target_final_subtoken,qwen3-0.6b,0.10626992561105209,0.9458023379383634,0.8459794274632575,Q8_0-artifact,lemma-heldout,metric_comparison_only,number
True,0.20935175345377255,0.7725823591923485,0.7580145429611426,prompt_final,qwen3-0.6b,0.16153028692879912,0.7247608926673751,0.6694560028402924,Q8_0-artifact,root-heldout,metric_comparison_only,pos
True,0.27417640807651433,0.8374070138150903,0.8369283524924959,target_final_subtoken,qwen3-0.6b,0.2784272051009564,0.8416578108395324,0.8386038394415358,Q8_0-artifact,root-heldout,metric_comparison_only,pos
True,0.2159574468085106,0.8180851063829787,0.8172642846830092,prompt_final,qwen3-0.6b,0.18597236981934118,0.8055260361317748,0.8043158845688376,Q8_0-artifact,root-heldout,metric_comparison_only,gender
True,0.2531914893617021,0.8553191489361702,0.8499382568234426,target_final_subtoken,qwen3-0.6b,0.24017003188097763,0.8597236981934112,0.8540838478671515,Q8_0-artifact,root-heldout,metric_comparison_only,gender
True,0.10106382978723405,0.9648936170212766,0.8388986215073171,prompt_final,qwen3-0.6b,0.057385759829968075,0.9330499468650372,0.5687381146427601,Q8_0-artifact,root-heldout,metric_comparison_only,number
True,0.06063829787234043,0.924468085106383,0.7505231816854357,target_final_subtoken,qwen3-0.6b,0.0828905419766206,0.9585547290116897,0.7690545254642828,Q8_0-artifact,root-heldout,metric_comparison_only,number
True,0.20510095642933046,0.8937300743889479,0.8770082821492418,prompt_final,qwen3-8b,0.14240170031880972,0.8310308182784272,0.8209300661988487,Q8_0-artifact,lemma-heldout,metric_comparison_only,pos
True,0.19659936238044629,0.8852284803400637,0.869654451577016,target_final_subtoken,qwen3-8b,0.1849096705632306,0.873538788522848,0.8549108192090511,Q8_0-artifact,lemma-heldout,metric_comparison_only,pos
True,0.29255319148936165,0.9468085106382979,0.940223031684337,prompt_final,qwen3-8b,0.3251859723698193,0.9574920297555791,0.9542915432068781,Q8_0-artifact,lemma-heldout,metric_comparison_only,gender
True,0.2297872340425532,0.8840425531914894,0.8743560533134513,target_final_subtoken,qwen3-8b,0.283740701381509,0.9160467587672688,0.9104117331597944,Q8_0-artifact,lemma-heldout,metric_comparison_only,gender
True,0.16170212765957448,0.9723404255319149,0.967637902727137,prompt_final,qwen3-8b,0.150903294367694,0.9904357066950054,0.9527070165718786,Q8_0-artifact,lemma-heldout,metric_comparison_only,number
True,0.17978723404255315,0.9904255319148936,0.9893820802710184,target_final_subtoken,qwen3-8b,0.14877789585547296,0.9883103081827843,0.9228211089973932,Q8_0-artifact,lemma-heldout,metric_comparison_only,number
True,0.21041445270988313,0.7736450584484591,0.7724401097507552,prompt_final,qwen3-8b,0.2837407013815091,0.8469713071200851,0.8551845538761942,Q8_0-artifact,root-heldout,metric_comparison_only,pos
True,0.26142401700318807,0.824654622741764,0.8320601276607973,target_final_subtoken,qwen3-8b,0.3049946865037194,0.8682252922422954,0.8782848499431323,Q8_0-artifact,root-heldout,metric_comparison_only,pos
True,0.2223404255319149,0.824468085106383,0.8239082824415781,prompt_final,qwen3-8b,0.3283740701381509,0.9479277364505845,0.9455154754294397,Q8_0-artifact,root-heldout,metric_comparison_only,gender
True,0.3382978723404255,0.9404255319148936,0.9382611796055471,target_final_subtoken,qwen3-8b,0.29543039319872477,0.9149840595111584,0.9101155793294489,Q8_0-artifact,root-heldout,metric_comparison_only,gender
True,0.11914893617021272,0.9829787234042553,0.9748539548422307,prompt_final,qwen3-8b,0.09989373007438895,0.975557917109458,0.8958558558558559,Q8_0-artifact,root-heldout,metric_comparison_only,number
True,0.12872340425531914,0.9925531914893617,0.966864369633006,target_final_subtoken,qwen3-8b,0.10626992561105209,0.9819341126461212,0.9078621194470853,Q8_0-artifact,root-heldout,metric_comparison_only,number
