model_id,feature_set,task,split,fold,real_accuracy,shuffled_accuracy,shuffled_macro_f1,shuffled_majority_accuracy,shuffled_selected_layer
llama-3.2-1b,full_prompt_final,gender,lemma-heldout,0,0.9297872340425531,0.5148936170212766,0.48991831838693095,0.6542553191489362,1
llama-3.2-1b,full_prompt_final,gender,lemma-heldout,1,0.9542553191489361,0.502127659574468,0.46088235294117647,0.6808510638297872,9
llama-3.2-1b,full_prompt_final,gender,lemma-heldout,2,0.8882978723404256,0.524468085106383,0.5053068432671082,0.6425531914893617,0
llama-3.2-1b,full_prompt_final,gender,lemma-heldout,3,0.9372340425531915,0.526595744680851,0.5066513028392022,0.6180851063829788,12
llama-3.2-1b,full_prompt_final,gender,lemma-heldout,4,0.8807241746538871,0.5005324813631523,0.4913743221939262,0.5346112886048988,0
llama-3.2-1b,full_prompt_final,gender,random,0,0.9819148936170212,0.5425531914893617,0.5059066283322576,0.625531914893617,6
llama-3.2-1b,full_prompt_final,gender,random,1,0.9829787234042553,0.5553191489361702,0.5172403624997542,0.625531914893617,11
llama-3.2-1b,full_prompt_final,gender,random,2,0.9776595744680852,0.5457446808510639,0.48909857172132976,0.6265957446808511,0
llama-3.2-1b,full_prompt_final,gender,random,3,0.9882978723404255,0.5276595744680851,0.48787419198091675,0.6265957446808511,0
llama-3.2-1b,full_prompt_final,gender,random,4,0.979765708200213,0.549520766773163,0.5082594953555427,0.6261980830670927,4
llama-3.2-1b,full_prompt_final,gender,root-heldout,0,0.8776595744680851,0.5329787234042553,0.50127563506806,0.6021276595744681,10
llama-3.2-1b,full_prompt_final,gender,root-heldout,1,0.9138297872340425,0.5382978723404256,0.5125599801181441,0.6468085106382979,10
llama-3.2-1b,full_prompt_final,gender,root-heldout,2,0.8851063829787233,0.5127659574468085,0.506248165002936,0.5468085106382978,3
llama-3.2-1b,full_prompt_final,gender,root-heldout,3,0.8861702127659574,0.5393617021276595,0.477691329460483,0.7138297872340426,15
llama-3.2-1b,full_prompt_final,gender,root-heldout,4,0.8551650692225772,0.49627263045793396,0.4742932827685632,0.6208732694355698,10
llama-3.2-1b,full_prompt_final,number,lemma-heldout,0,0.8904255319148936,0.7063829787234043,0.34343045793478355,0.8106382978723404,0
llama-3.2-1b,full_prompt_final,number,lemma-heldout,1,0.9319148936170213,0.7170212765957447,0.32209641887391777,0.8436170212765958,0
llama-3.2-1b,full_prompt_final,number,lemma-heldout,2,0.9053191489361702,0.698936170212766,0.34117477761325726,0.8287234042553191,1
llama-3.2-1b,full_prompt_final,number,lemma-heldout,3,0.9297872340425531,0.6957446808510638,0.3295021405770591,0.8574468085106383,1
llama-3.2-1b,full_prompt_final,number,lemma-heldout,4,0.9254526091586794,0.7699680511182109,0.3343592943052234,0.8668796592119276,0
llama-3.2-1b,full_prompt_final,number,random,0,0.9787234042553191,0.774468085106383,0.3233468505001352,0.8414893617021276,0
llama-3.2-1b,full_prompt_final,number,random,1,0.973404255319149,0.7457446808510638,0.34126257037292357,0.8414893617021276,13
llama-3.2-1b,full_prompt_final,number,random,2,0.9670212765957447,0.7606382978723404,0.33520121250908513,0.8414893617021276,1
llama-3.2-1b,full_prompt_final,number,random,3,0.9765957446808511,0.7531914893617021,0.32135091675852795,0.8414893617021276,0
llama-3.2-1b,full_prompt_final,number,random,4,0.9765708200212992,0.7582534611288605,0.32019789077558825,0.8413205537806177,0
llama-3.2-1b,full_prompt_final,number,root-heldout,0,0.8893617021276595,0.5446808510638298,0.2903353057199211,0.8638297872340426,0
llama-3.2-1b,full_prompt_final,number,root-heldout,1,0.8914893617021277,0.7308510638297873,0.3255137134678535,0.8872340425531915,9
llama-3.2-1b,full_prompt_final,number,root-heldout,2,0.8925531914893617,0.6691489361702128,0.3425208598358136,0.824468085106383,10
llama-3.2-1b,full_prompt_final,number,root-heldout,3,0.8382978723404255,0.6553191489361702,0.34038673959622573,0.824468085106383,12
llama-3.2-1b,full_prompt_final,number,root-heldout,4,0.8945686900958466,0.630457933972311,0.33001684122455754,0.8072417465388712,3
llama-3.2-1b,full_prompt_final,pos,lemma-heldout,0,0.8257173219978746,0.4622741764080765,0.3408074217058539,0.6886291179596175,6
llama-3.2-1b,full_prompt_final,pos,lemma-heldout,1,0.8329787234042553,0.41914893617021276,0.32245854293110227,0.5989361702127659,6
llama-3.2-1b,full_prompt_final,pos,lemma-heldout,2,0.8531914893617021,0.41382978723404257,0.3241545380205249,0.6382978723404256,11
llama-3.2-1b,full_prompt_final,pos,lemma-heldout,3,0.85,0.4074468085106383,0.3103768860834271,0.6351063829787233,7
llama-3.2-1b,full_prompt_final,pos,lemma-heldout,4,0.7723404255319148,0.4297872340425532,0.35699569502130163,0.5840425531914893,10
llama-3.2-1b,full_prompt_final,pos,random,0,0.9479277364505845,0.5037194473963869,0.3281433823728366,0.6291179596174282,0
llama-3.2-1b,full_prompt_final,pos,random,1,0.9382978723404255,0.498936170212766,0.3360488941410699,0.6297872340425532,1
llama-3.2-1b,full_prompt_final,pos,random,2,0.9457446808510638,0.49361702127659574,0.3046969222475329,0.6287234042553191,0
llama-3.2-1b,full_prompt_final,pos,random,3,0.9638297872340426,0.46595744680851064,0.32058786857612076,0.6287234042553191,13
llama-3.2-1b,full_prompt_final,pos,random,4,0.95,0.4957446808510638,0.3086303834430322,0.6287234042553191,0
llama-3.2-1b,full_prompt_final,pos,root-heldout,0,0.7555791710945803,0.45589798087141337,0.32233228462552826,0.563230605738576,0
llama-3.2-1b,full_prompt_final,pos,root-heldout,1,0.8063829787234043,0.4127659574468085,0.31090764181903424,0.6574468085106383,1
llama-3.2-1b,full_prompt_final,pos,root-heldout,2,0.8819148936170212,0.44893617021276594,0.3475453890775599,0.6170212765957447,13
llama-3.2-1b,full_prompt_final,pos,root-heldout,3,0.8531914893617021,0.48936170212765956,0.3226426029043686,0.6712765957446809,0
llama-3.2-1b,full_prompt_final,pos,root-heldout,4,0.8340425531914893,0.42659574468085104,0.3290346661375404,0.6361702127659574,13
llama-3.2-1b,metadata_free_prompt_final,gender,lemma-heldout,0,0.8127659574468085,0.5340425531914894,0.5128634711494775,0.6542553191489362,4
llama-3.2-1b,metadata_free_prompt_final,gender,lemma-heldout,1,0.7457446808510638,0.5606382978723404,0.5263247156203521,0.6808510638297872,15
llama-3.2-1b,metadata_free_prompt_final,gender,lemma-heldout,2,0.8287234042553191,0.5223404255319148,0.5110241429367515,0.6425531914893617,7
llama-3.2-1b,metadata_free_prompt_final,gender,lemma-heldout,3,0.7946808510638298,0.502127659574468,0.49415644446897466,0.6180851063829788,9
llama-3.2-1b,metadata_free_prompt_final,gender,lemma-heldout,4,0.8296059637912673,0.5015974440894568,0.49622153541393443,0.5346112886048988,11
llama-3.2-1b,metadata_free_prompt_final,gender,random,0,0.9382978723404255,0.5414893617021277,0.4992528467835332,0.625531914893617,5
llama-3.2-1b,metadata_free_prompt_final,gender,random,1,0.9234042553191489,0.5457446808510639,0.5120539855164961,0.625531914893617,7
llama-3.2-1b,metadata_free_prompt_final,gender,random,2,0.9223404255319149,0.5340425531914894,0.48723696795791493,0.6265957446808511,14
llama-3.2-1b,metadata_free_prompt_final,gender,random,3,0.9191489361702128,0.5446808510638298,0.5024019076737364,0.6265957446808511,12
llama-3.2-1b,metadata_free_prompt_final,gender,random,4,0.919062832800852,0.5676251331203408,0.522382861438236,0.6261980830670927,3
llama-3.2-1b,metadata_free_prompt_final,gender,root-heldout,0,0.7404255319148936,0.48829787234042554,0.47784472076229545,0.6021276595744681,14
llama-3.2-1b,metadata_free_prompt_final,gender,root-heldout,1,0.8170212765957446,0.5457446808510639,0.5206687565308254,0.6468085106382979,9
llama-3.2-1b,metadata_free_prompt_final,gender,root-heldout,2,0.7127659574468085,0.48617021276595745,0.4732891642720167,0.5468085106382978,13
llama-3.2-1b,metadata_free_prompt_final,gender,root-heldout,3,0.7755319148936171,0.5372340425531915,0.4795266480065069,0.7138297872340426,13
llama-3.2-1b,metadata_free_prompt_final,gender,root-heldout,4,0.751863684771033,0.4984025559105431,0.4826204193840845,0.6208732694355698,8
llama-3.2-1b,metadata_free_prompt_final,number,lemma-heldout,0,0.7978723404255319,0.7127659574468085,0.3217423274894539,0.8106382978723404,0
llama-3.2-1b,metadata_free_prompt_final,number,lemma-heldout,1,0.8595744680851064,0.7180851063829787,0.34035299491060944,0.8436170212765958,0
llama-3.2-1b,metadata_free_prompt_final,number,lemma-heldout,2,0.8829787234042553,0.7138297872340426,0.3399456630308842,0.8287234042553191,0
llama-3.2-1b,metadata_free_prompt_final,number,lemma-heldout,3,0.9404255319148936,0.7212765957446808,0.3465639678546782,0.8574468085106383,0
llama-3.2-1b,metadata_free_prompt_final,number,lemma-heldout,4,0.8828541001064962,0.6837060702875399,0.3202439266415884,0.8668796592119276,0
llama-3.2-1b,metadata_free_prompt_final,number,random,0,0.9638297872340426,0.7468085106382979,0.33483678497492936,0.8414893617021276,10
llama-3.2-1b,metadata_free_prompt_final,number,random,1,0.95,0.7617021276595745,0.34024956280488605,0.8414893617021276,0
llama-3.2-1b,metadata_free_prompt_final,number,random,2,0.9670212765957447,0.7627659574468085,0.32983968495147137,0.8414893617021276,0
llama-3.2-1b,metadata_free_prompt_final,number,random,3,0.9712765957446808,0.7382978723404255,0.34514692583307577,0.8414893617021276,5
llama-3.2-1b,metadata_free_prompt_final,number,random,4,0.9648562300319489,0.7507987220447284,0.3103318499682136,0.8413205537806177,10
llama-3.2-1b,metadata_free_prompt_final,number,root-heldout,0,0.8521276595744681,0.7180851063829787,0.34414917453531674,0.8638297872340426,0
llama-3.2-1b,metadata_free_prompt_final,number,root-heldout,1,0.9425531914893617,0.6148936170212767,0.3023485920514255,0.8872340425531915,10
llama-3.2-1b,metadata_free_prompt_final,number,root-heldout,2,0.8606382978723405,0.7287234042553191,0.32360245332426313,0.824468085106383,0
llama-3.2-1b,metadata_free_prompt_final,number,root-heldout,3,0.902127659574468,0.6914893617021277,0.3364522417153996,0.824468085106383,1
llama-3.2-1b,metadata_free_prompt_final,number,root-heldout,4,0.8445154419595314,0.6485623003194888,0.3370770278345215,0.8072417465388712,2
llama-3.2-1b,metadata_free_prompt_final,pos,lemma-heldout,0,0.7789585547290117,0.4218916046758767,0.30858512577306657,0.6886291179596175,0
llama-3.2-1b,metadata_free_prompt_final,pos,lemma-heldout,1,0.7042553191489361,0.4117021276595745,0.3520374697010551,0.5989361702127659,6
llama-3.2-1b,metadata_free_prompt_final,pos,lemma-heldout,2,0.7212765957446808,0.40638297872340423,0.3165448143353242,0.6382978723404256,1
llama-3.2-1b,metadata_free_prompt_final,pos,lemma-heldout,3,0.6840425531914893,0.44468085106382976,0.31260603143297744,0.6351063829787233,5
llama-3.2-1b,metadata_free_prompt_final,pos,lemma-heldout,4,0.7351063829787234,0.4085106382978723,0.3134364109669564,0.5840425531914893,0
llama-3.2-1b,metadata_free_prompt_final,pos,random,0,0.8841657810839533,0.46546227417640806,0.30862728134159484,0.6291179596174282,14
llama-3.2-1b,metadata_free_prompt_final,pos,random,1,0.9085106382978724,0.5063829787234042,0.3589691947479299,0.6297872340425532,8
llama-3.2-1b,metadata_free_prompt_final,pos,random,2,0.9191489361702128,0.4925531914893617,0.33217106058594065,0.6287234042553191,15
llama-3.2-1b,metadata_free_prompt_final,pos,random,3,0.9351063829787234,0.5074468085106383,0.3250563713358632,0.6287234042553191,0
llama-3.2-1b,metadata_free_prompt_final,pos,random,4,0.925531914893617,0.5063829787234042,0.3344400272669312,0.6287234042553191,8
llama-3.2-1b,metadata_free_prompt_final,pos,root-heldout,0,0.7056323060573858,0.45164718384697133,0.38192607682957774,0.563230605738576,11
llama-3.2-1b,metadata_free_prompt_final,pos,root-heldout,1,0.752127659574468,0.425531914893617,0.33295282993609193,0.6574468085106383,2
llama-3.2-1b,metadata_free_prompt_final,pos,root-heldout,2,0.75,0.39680851063829786,0.3067640658149932,0.6170212765957447,13
llama-3.2-1b,metadata_free_prompt_final,pos,root-heldout,3,0.6542553191489362,0.3627659574468085,0.28354524799415376,0.6712765957446809,4
llama-3.2-1b,metadata_free_prompt_final,pos,root-heldout,4,0.7191489361702128,0.46170212765957447,0.3550117093419461,0.6361702127659574,1
llama-3.2-1b,target_final_subtoken,gender,lemma-heldout,0,0.6882978723404255,0.5085106382978724,0.48757522123893804,0.6542553191489362,9
llama-3.2-1b,target_final_subtoken,gender,lemma-heldout,1,0.6819148936170213,0.49148936170212765,0.4734473658305638,0.6808510638297872,1
llama-3.2-1b,target_final_subtoken,gender,lemma-heldout,2,0.7127659574468085,0.5106382978723404,0.48791799108475176,0.6425531914893617,6
llama-3.2-1b,target_final_subtoken,gender,lemma-heldout,3,0.7468085106382979,0.4978723404255319,0.4709630647130647,0.6180851063829788,7
llama-3.2-1b,target_final_subtoken,gender,lemma-heldout,4,0.7689030883919062,0.49627263045793396,0.4932934947412374,0.5346112886048988,11
llama-3.2-1b,target_final_subtoken,gender,random,0,0.8925531914893617,0.5361702127659574,0.499636178951121,0.625531914893617,0
llama-3.2-1b,target_final_subtoken,gender,random,1,0.9202127659574468,0.5680851063829787,0.5304880149204522,0.625531914893617,4
llama-3.2-1b,target_final_subtoken,gender,random,2,0.8914893617021277,0.5191489361702127,0.4850164114050781,0.6265957446808511,1
llama-3.2-1b,target_final_subtoken,gender,random,3,0.9042553191489362,0.5382978723404256,0.510501257463188,0.6265957446808511,3
llama-3.2-1b,target_final_subtoken,gender,random,4,0.9137380191693291,0.5633652822151225,0.5320249139389697,0.6261980830670927,0
llama-3.2-1b,target_final_subtoken,gender,root-heldout,0,0.7159574468085106,0.5042553191489362,0.4936562540457563,0.6021276595744681,2
llama-3.2-1b,target_final_subtoken,gender,root-heldout,1,0.6563829787234042,0.5329787234042553,0.5101324681768917,0.6468085106382979,8
llama-3.2-1b,target_final_subtoken,gender,root-heldout,2,0.701063829787234,0.4925531914893617,0.49026353095786757,0.5468085106382978,12
llama-3.2-1b,target_final_subtoken,gender,root-heldout,3,0.7287234042553191,0.5563829787234043,0.4755692437777531,0.7138297872340426,9
llama-3.2-1b,target_final_subtoken,gender,root-heldout,4,0.6474973375931843,0.5111821086261981,0.49872938078684187,0.6208732694355698,12
llama-3.2-1b,target_final_subtoken,number,lemma-heldout,0,0.851063829787234,0.6223404255319149,0.324132016872943,0.8106382978723404,10
llama-3.2-1b,target_final_subtoken,number,lemma-heldout,1,0.8095744680851064,0.575531914893617,0.3122141857441772,0.8436170212765958,10
llama-3.2-1b,target_final_subtoken,number,lemma-heldout,2,0.8287234042553191,0.5904255319148937,0.3079658011752365,0.8287234042553191,9
llama-3.2-1b,target_final_subtoken,number,lemma-heldout,3,0.8361702127659575,0.575531914893617,0.3224964315228007,0.8574468085106383,5
llama-3.2-1b,target_final_subtoken,number,lemma-heldout,4,0.8040468583599574,0.5548455804046858,0.2957710919419314,0.8668796592119276,5
llama-3.2-1b,target_final_subtoken,number,random,0,0.9531914893617022,0.7414893617021276,0.3301186627032253,0.8414893617021276,11
llama-3.2-1b,target_final_subtoken,number,random,1,0.9436170212765957,0.7244680851063829,0.3272866420309186,0.8414893617021276,9
llama-3.2-1b,target_final_subtoken,number,random,2,0.951063829787234,0.7085106382978723,0.3231069029808837,0.8414893617021276,10
llama-3.2-1b,target_final_subtoken,number,random,3,0.9478723404255319,0.7287234042553191,0.3358488730153279,0.8414893617021276,7
llama-3.2-1b,target_final_subtoken,number,random,4,0.9552715654952076,0.7422790202342918,0.3319851764017385,0.8413205537806177,9
llama-3.2-1b,target_final_subtoken,number,root-heldout,0,0.8202127659574469,0.6542553191489362,0.32023298339087813,0.8638297872340426,12
llama-3.2-1b,target_final_subtoken,number,root-heldout,1,0.8425531914893617,0.5914893617021276,0.2962508249127949,0.8872340425531915,5
llama-3.2-1b,target_final_subtoken,number,root-heldout,2,0.8361702127659575,0.6180851063829788,0.3244047619047619,0.824468085106383,9
llama-3.2-1b,target_final_subtoken,number,root-heldout,3,0.8319148936170213,0.6574468085106383,0.32609456885639587,0.824468085106383,8
llama-3.2-1b,target_final_subtoken,number,root-heldout,4,0.7955271565495208,0.5623003194888179,0.324611367567508,0.8072417465388712,6
llama-3.2-1b,target_final_subtoken,pos,lemma-heldout,0,0.7258235919234857,0.4070138150903294,0.29822404371584693,0.6886291179596175,4
llama-3.2-1b,target_final_subtoken,pos,lemma-heldout,1,0.6138297872340426,0.3606382978723404,0.30581847900377207,0.5989361702127659,7
llama-3.2-1b,target_final_subtoken,pos,lemma-heldout,2,0.698936170212766,0.39787234042553193,0.329985434611278,0.6382978723404256,3
llama-3.2-1b,target_final_subtoken,pos,lemma-heldout,3,0.7244680851063829,0.3893617021276596,0.32315789329561745,0.6351063829787233,11
llama-3.2-1b,target_final_subtoken,pos,lemma-heldout,4,0.5893617021276596,0.39148936170212767,0.32791771770683925,0.5840425531914893,4
llama-3.2-1b,target_final_subtoken,pos,random,0,0.8756641870350691,0.4580233793836344,0.31078382562823,0.6291179596174282,1
llama-3.2-1b,target_final_subtoken,pos,random,1,0.8914893617021277,0.46170212765957447,0.3209613412714188,0.6297872340425532,15
llama-3.2-1b,target_final_subtoken,pos,random,2,0.8787234042553191,0.4808510638297872,0.33961606180976345,0.6287234042553191,12
llama-3.2-1b,target_final_subtoken,pos,random,3,0.8936170212765957,0.48936170212765956,0.3695945177814752,0.6287234042553191,0
llama-3.2-1b,target_final_subtoken,pos,random,4,0.9010638297872341,0.4946808510638298,0.339608625570883,0.6287234042553191,14
llama-3.2-1b,target_final_subtoken,pos,root-heldout,0,0.71413390010627,0.3985122210414453,0.32931075741114046,0.563230605738576,9
llama-3.2-1b,target_final_subtoken,pos,root-heldout,1,0.6531914893617021,0.39787234042553193,0.31113925587963887,0.6574468085106383,10
llama-3.2-1b,target_final_subtoken,pos,root-heldout,2,0.675531914893617,0.34893617021276596,0.29590917303112424,0.6170212765957447,8
llama-3.2-1b,target_final_subtoken,pos,root-heldout,3,0.6957446808510638,0.3829787234042553,0.29511696572698204,0.6712765957446809,15
llama-3.2-1b,target_final_subtoken,pos,root-heldout,4,0.6638297872340425,0.3861702127659574,0.3010140908370871,0.6361702127659574,4
llama-3.2-1b,target_mean_span,gender,lemma-heldout,0,0.7372340425531915,0.5276595744680851,0.49975788550141675,0.6542553191489362,13
llama-3.2-1b,target_mean_span,gender,lemma-heldout,1,0.7659574468085106,0.5382978723404256,0.5135550213675213,0.6808510638297872,14
llama-3.2-1b,target_mean_span,gender,lemma-heldout,2,0.7180851063829787,0.5095744680851064,0.48799020737259124,0.6425531914893617,11
llama-3.2-1b,target_mean_span,gender,lemma-heldout,3,0.75,0.5042553191489362,0.490582450656135,0.6180851063829788,7
llama-3.2-1b,target_mean_span,gender,lemma-heldout,4,0.7060702875399361,0.5069222577209798,0.5038408207750116,0.5346112886048988,4
llama-3.2-1b,target_mean_span,gender,random,0,0.9287234042553192,0.5468085106382978,0.5174119280384104,0.625531914893617,1
llama-3.2-1b,target_mean_span,gender,random,1,0.9117021276595745,0.551063829787234,0.5150990631539831,0.625531914893617,7
llama-3.2-1b,target_mean_span,gender,random,2,0.9212765957446809,0.5191489361702127,0.4825478017293874,0.6265957446808511,7
llama-3.2-1b,target_mean_span,gender,random,3,0.9063829787234042,0.5553191489361702,0.5259421555805435,0.6265957446808511,9
llama-3.2-1b,target_mean_span,gender,random,4,0.9148029818956337,0.531416400425985,0.49473653315592775,0.6261980830670927,13
llama-3.2-1b,target_mean_span,gender,root-heldout,0,0.7106382978723405,0.49361702127659574,0.4824626744826246,0.6021276595744681,6
llama-3.2-1b,target_mean_span,gender,root-heldout,1,0.6978723404255319,0.5031914893617021,0.49395426475351917,0.6468085106382979,6
llama-3.2-1b,target_mean_span,gender,root-heldout,2,0.7351063829787234,0.5255319148936171,0.5184492605133908,0.5468085106382978,4
llama-3.2-1b,target_mean_span,gender,root-heldout,3,0.6712765957446809,0.5425531914893617,0.5071308724832215,0.7138297872340426,11
llama-3.2-1b,target_mean_span,gender,root-heldout,4,0.7050053248136315,0.49733759318423854,0.48172020880498434,0.6208732694355698,9
llama-3.2-1b,target_mean_span,number,lemma-heldout,0,0.8074468085106383,0.5595744680851064,0.3165973917441886,0.8106382978723404,6
llama-3.2-1b,target_mean_span,number,lemma-heldout,1,0.8063829787234043,0.6223404255319149,0.3271278606714387,0.8436170212765958,4
llama-3.2-1b,target_mean_span,number,lemma-heldout,2,0.8095744680851064,0.6031914893617021,0.3248136516705134,0.8287234042553191,9
llama-3.2-1b,target_mean_span,number,lemma-heldout,3,0.7978723404255319,0.573404255319149,0.3122470515927777,0.8574468085106383,6
llama-3.2-1b,target_mean_span,number,lemma-heldout,4,0.8338658146964856,0.6666666666666666,0.3088834370693441,0.8668796592119276,11
llama-3.2-1b,target_mean_span,number,random,0,0.9425531914893617,0.7180851063829787,0.3327874671384308,0.8414893617021276,12
llama-3.2-1b,target_mean_span,number,random,1,0.95,0.7382978723404255,0.34242993293951757,0.8414893617021276,9
llama-3.2-1b,target_mean_span,number,random,2,0.9382978723404255,0.7180851063829787,0.3738449197257971,0.8414893617021276,11
llama-3.2-1b,target_mean_span,number,random,3,0.9468085106382979,0.7159574468085106,0.3084696852413703,0.8414893617021276,11
llama-3.2-1b,target_mean_span,number,random,4,0.9552715654952076,0.7199148029818956,0.31189655107432657,0.8413205537806177,8
llama-3.2-1b,target_mean_span,number,root-heldout,0,0.7893617021276595,0.5936170212765958,0.30636092415374455,0.8638297872340426,5
llama-3.2-1b,target_mean_span,number,root-heldout,1,0.7319148936170212,0.573404255319149,0.3097508728019092,0.8872340425531915,1
llama-3.2-1b,target_mean_span,number,root-heldout,2,0.8351063829787234,0.526595744680851,0.30060811790253505,0.824468085106383,2
llama-3.2-1b,target_mean_span,number,root-heldout,3,0.7968085106382978,0.5957446808510638,0.3072780594649523,0.824468085106383,9
llama-3.2-1b,target_mean_span,number,root-heldout,4,0.8019169329073482,0.5910543130990416,0.3089934095228692,0.8072417465388712,14
llama-3.2-1b,target_mean_span,pos,lemma-heldout,0,0.6981934112646121,0.3783209351753454,0.30586533915436703,0.6886291179596175,0
llama-3.2-1b,target_mean_span,pos,lemma-heldout,1,0.5627659574468085,0.3617021276595745,0.3105205799199446,0.5989361702127659,11
llama-3.2-1b,target_mean_span,pos,lemma-heldout,2,0.7191489361702128,0.3851063829787234,0.2871239424331572,0.6382978723404256,6
llama-3.2-1b,target_mean_span,pos,lemma-heldout,3,0.6457446808510638,0.35212765957446807,0.3061343957553242,0.6351063829787233,1
llama-3.2-1b,target_mean_span,pos,lemma-heldout,4,0.5904255319148937,0.41382978723404257,0.33127587545771525,0.5840425531914893,14
llama-3.2-1b,target_mean_span,pos,random,0,0.8884165781083954,0.4718384697130712,0.3278628773752225,0.6291179596174282,6
llama-3.2-1b,target_mean_span,pos,random,1,0.902127659574468,0.5010638297872341,0.3351129281943397,0.6297872340425532,13
llama-3.2-1b,target_mean_span,pos,random,2,0.8914893617021277,0.4627659574468085,0.31297700536158907,0.6287234042553191,10
llama-3.2-1b,target_mean_span,pos,random,3,0.902127659574468,0.46595744680851064,0.3287725677152334,0.6287234042553191,3
llama-3.2-1b,target_mean_span,pos,random,4,0.8978723404255319,0.498936170212766,0.35196964722678875,0.6287234042553191,15
llama-3.2-1b,target_mean_span,pos,root-heldout,0,0.6546227417640808,0.35494155154091395,0.3136186504145009,0.563230605738576,14
llama-3.2-1b,target_mean_span,pos,root-heldout,1,0.7042553191489361,0.3861702127659574,0.3336993978730023,0.6574468085106383,2
llama-3.2-1b,target_mean_span,pos,root-heldout,2,0.6297872340425532,0.35106382978723405,0.2986975640961979,0.6170212765957447,5
llama-3.2-1b,target_mean_span,pos,root-heldout,3,0.6319148936170212,0.39680851063829786,0.31903573550632375,0.6712765957446809,14
llama-3.2-1b,target_mean_span,pos,root-heldout,4,0.6117021276595744,0.4021276595744681,0.31467124834945165,0.6361702127659574,8
qwen3-0.6b,full_prompt_final,gender,lemma-heldout,0,0.9297872340425531,0.5223404255319148,0.48439666493601685,0.6542553191489362,8
qwen3-0.6b,full_prompt_final,gender,lemma-heldout,1,0.9287234042553192,0.5170212765957447,0.49553408892104156,0.6808510638297872,6
qwen3-0.6b,full_prompt_final,gender,lemma-heldout,2,0.9457446808510638,0.5829787234042553,0.5410887932408737,0.6425531914893617,7
qwen3-0.6b,full_prompt_final,gender,lemma-heldout,3,0.9468085106382979,0.5202127659574468,0.4858535130028343,0.6180851063829788,27
qwen3-0.6b,full_prompt_final,gender,lemma-heldout,4,0.9254526091586794,0.5101171458998935,0.5043831466862493,0.5346112886048988,0
qwen3-0.6b,full_prompt_final,gender,random,0,0.9776595744680852,0.5329787234042553,0.4796210335700297,0.625531914893617,0
qwen3-0.6b,full_prompt_final,gender,random,1,0.9787234042553191,0.5595744680851064,0.5139485621790132,0.625531914893617,25
qwen3-0.6b,full_prompt_final,gender,random,2,0.9797872340425532,0.5659574468085107,0.5236959761549926,0.6265957446808511,4
qwen3-0.6b,full_prompt_final,gender,random,3,0.9797872340425532,0.5297872340425532,0.4756662073003902,0.6265957446808511,5
qwen3-0.6b,full_prompt_final,gender,random,4,0.9659211927582535,0.54419595314164,0.500059710404538,0.6261980830670927,25
qwen3-0.6b,full_prompt_final,gender,root-heldout,0,0.8180851063829787,0.4957446808510638,0.4839687017914472,0.6021276595744681,21
qwen3-0.6b,full_prompt_final,gender,root-heldout,1,0.9531914893617022,0.5255319148936171,0.4849023963514124,0.6468085106382979,5
qwen3-0.6b,full_prompt_final,gender,root-heldout,2,0.9223404255319149,0.5170212765957447,0.5037004991370929,0.5468085106382978,14
qwen3-0.6b,full_prompt_final,gender,root-heldout,3,0.902127659574468,0.5659574468085107,0.5145095219528991,0.7138297872340426,10
qwen3-0.6b,full_prompt_final,gender,root-heldout,4,0.9116080937167199,0.5250266240681576,0.5002696768650661,0.6208732694355698,17
qwen3-0.6b,full_prompt_final,number,lemma-heldout,0,0.9563829787234043,0.7276595744680852,0.3224777832343306,0.8106382978723404,5
qwen3-0.6b,full_prompt_final,number,lemma-heldout,1,0.926595744680851,0.7287234042553191,0.3358266304626261,0.8436170212765958,5
qwen3-0.6b,full_prompt_final,number,lemma-heldout,2,0.9425531914893617,0.7308510638297873,0.3235138973422601,0.8287234042553191,7
qwen3-0.6b,full_prompt_final,number,lemma-heldout,3,0.9425531914893617,0.801063829787234,0.3646053402756007,0.8574468085106383,5
qwen3-0.6b,full_prompt_final,number,lemma-heldout,4,0.9414270500532481,0.8242811501597445,0.3214098972922502,0.8668796592119276,7
qwen3-0.6b,full_prompt_final,number,random,0,0.9776595744680852,0.8074468085106383,0.3194275737640135,0.8414893617021276,3
qwen3-0.6b,full_prompt_final,number,random,1,0.975531914893617,0.8159574468085107,0.3220389738088853,0.8414893617021276,0
qwen3-0.6b,full_prompt_final,number,random,2,0.9819148936170212,0.8063829787234043,0.31568559229573123,0.8414893617021276,0
qwen3-0.6b,full_prompt_final,number,random,3,0.9829787234042553,0.7957446808510639,0.3187902164486412,0.8414893617021276,8
qwen3-0.6b,full_prompt_final,number,random,4,0.9787007454739084,0.8157614483493077,0.321998782867064,0.8413205537806177,0
qwen3-0.6b,full_prompt_final,number,root-heldout,0,0.9648936170212766,0.7393617021276596,0.33009838267457564,0.8638297872340426,0
qwen3-0.6b,full_prompt_final,number,root-heldout,1,0.9531914893617022,0.801063829787234,0.3330673582020081,0.8872340425531915,0
qwen3-0.6b,full_prompt_final,number,root-heldout,2,0.9542553191489361,0.7840425531914894,0.3454938476601887,0.824468085106383,8
qwen3-0.6b,full_prompt_final,number,root-heldout,3,0.926595744680851,0.7446808510638298,0.3292622277462964,0.824468085106383,2
qwen3-0.6b,full_prompt_final,number,root-heldout,4,0.9403620873269436,0.7571884984025559,0.3516483516483517,0.8072417465388712,5
qwen3-0.6b,full_prompt_final,pos,lemma-heldout,0,0.8756641870350691,0.5015940488841658,0.32699020056946276,0.6886291179596175,23
qwen3-0.6b,full_prompt_final,pos,lemma-heldout,1,0.874468085106383,0.4734042553191489,0.31080762588995897,0.5989361702127659,0
qwen3-0.6b,full_prompt_final,pos,lemma-heldout,2,0.9063829787234042,0.4808510638297872,0.3280263362093263,0.6382978723404256,21
qwen3-0.6b,full_prompt_final,pos,lemma-heldout,3,0.8882978723404256,0.46595744680851064,0.33311471539768517,0.6351063829787233,19
qwen3-0.6b,full_prompt_final,pos,lemma-heldout,4,0.8351063829787234,0.41595744680851066,0.30263189426890497,0.5840425531914893,20
qwen3-0.6b,full_prompt_final,pos,random,0,0.9489904357066951,0.5249734325185972,0.3320021080154965,0.6291179596174282,0
qwen3-0.6b,full_prompt_final,pos,random,1,0.9531914893617022,0.5255319148936171,0.31655278367942336,0.6297872340425532,3
qwen3-0.6b,full_prompt_final,pos,random,2,0.951063829787234,0.5382978723404256,0.3278451225915484,0.6287234042553191,0
qwen3-0.6b,full_prompt_final,pos,random,3,0.973404255319149,0.5680851063829787,0.33618193931318513,0.6287234042553191,0
qwen3-0.6b,full_prompt_final,pos,random,4,0.9553191489361702,0.5202127659574468,0.3254011066072777,0.6287234042553191,5
qwen3-0.6b,full_prompt_final,pos,root-heldout,0,0.7725823591923485,0.4760892667375133,0.29506982823583217,0.563230605738576,22
qwen3-0.6b,full_prompt_final,pos,root-heldout,1,0.8542553191489362,0.44042553191489364,0.2976206396121995,0.6574468085106383,27
qwen3-0.6b,full_prompt_final,pos,root-heldout,2,0.898936170212766,0.46702127659574466,0.3418380447198896,0.6170212765957447,6
qwen3-0.6b,full_prompt_final,pos,root-heldout,3,0.9074468085106383,0.5031914893617021,0.3369230668906685,0.6712765957446809,14
qwen3-0.6b,full_prompt_final,pos,root-heldout,4,0.8691489361702127,0.46170212765957447,0.3320824716823894,0.6361702127659574,22
qwen3-0.6b,metadata_free_prompt_final,gender,lemma-heldout,0,0.8319148936170213,0.5393617021276595,0.48903744154662143,0.6542553191489362,5
qwen3-0.6b,metadata_free_prompt_final,gender,lemma-heldout,1,0.8680851063829788,0.5234042553191489,0.4791496603687707,0.6808510638297872,18
qwen3-0.6b,metadata_free_prompt_final,gender,lemma-heldout,2,0.7946808510638298,0.5255319148936171,0.49642292594567844,0.6425531914893617,18
qwen3-0.6b,metadata_free_prompt_final,gender,lemma-heldout,3,0.8351063829787234,0.5382978723404256,0.5061016949152543,0.6180851063829788,19
qwen3-0.6b,metadata_free_prompt_final,gender,lemma-heldout,4,0.7912673056443025,0.5271565495207667,0.5067483791585822,0.5346112886048988,27
qwen3-0.6b,metadata_free_prompt_final,gender,random,0,0.9351063829787234,0.5531914893617021,0.5010010313656494,0.625531914893617,3
qwen3-0.6b,metadata_free_prompt_final,gender,random,1,0.9372340425531915,0.5457446808510639,0.4946102928862917,0.625531914893617,10
qwen3-0.6b,metadata_free_prompt_final,gender,random,2,0.9372340425531915,0.5404255319148936,0.4810320060934776,0.6265957446808511,22
qwen3-0.6b,metadata_free_prompt_final,gender,random,3,0.9393617021276596,0.5468085106382978,0.4954133064516129,0.6265957446808511,13
qwen3-0.6b,metadata_free_prompt_final,gender,random,4,0.9243876464323749,0.5537806176783813,0.5052830117505045,0.6261980830670927,10
qwen3-0.6b,metadata_free_prompt_final,gender,root-heldout,0,0.8138297872340425,0.5436170212765957,0.5067463681164844,0.6021276595744681,3
qwen3-0.6b,metadata_free_prompt_final,gender,root-heldout,1,0.7648936170212766,0.55,0.5015737993434042,0.6468085106382979,4
qwen3-0.6b,metadata_free_prompt_final,gender,root-heldout,2,0.774468085106383,0.5234042553191489,0.5026549007010449,0.5468085106382978,22
qwen3-0.6b,metadata_free_prompt_final,gender,root-heldout,3,0.8276595744680851,0.5563829787234043,0.5180820654679577,0.7138297872340426,7
qwen3-0.6b,metadata_free_prompt_final,gender,root-heldout,4,0.8647497337593184,0.5654952076677316,0.5395244185040241,0.6208732694355698,6
qwen3-0.6b,metadata_free_prompt_final,number,lemma-heldout,0,0.924468085106383,0.7648936170212766,0.32659492440242716,0.8106382978723404,16
qwen3-0.6b,metadata_free_prompt_final,number,lemma-heldout,1,0.9138297872340425,0.752127659574468,0.3271170356691737,0.8436170212765958,11
qwen3-0.6b,metadata_free_prompt_final,number,lemma-heldout,2,0.9234042553191489,0.723404255319149,0.3284051398337113,0.8287234042553191,0
qwen3-0.6b,metadata_free_prompt_final,number,lemma-heldout,3,0.9361702127659575,0.7808510638297872,0.32034619696365124,0.8574468085106383,0
qwen3-0.6b,metadata_free_prompt_final,number,lemma-heldout,4,0.9350372736954207,0.7635782747603834,0.321401409521878,0.8668796592119276,19
qwen3-0.6b,metadata_free_prompt_final,number,random,0,0.9659574468085106,0.8,0.3170413936867183,0.8414893617021276,6
qwen3-0.6b,metadata_free_prompt_final,number,random,1,0.9617021276595744,0.8021276595744681,0.3075924865024391,0.8414893617021276,0
qwen3-0.6b,metadata_free_prompt_final,number,random,2,0.9670212765957447,0.8021276595744681,0.3177014517256854,0.8414893617021276,0
qwen3-0.6b,metadata_free_prompt_final,number,random,3,0.973404255319149,0.7882978723404256,0.3135669682076121,0.8414893617021276,9
qwen3-0.6b,metadata_free_prompt_final,number,random,4,0.9659211927582535,0.7902023429179978,0.31406516577782545,0.8413205537806177,1
qwen3-0.6b,metadata_free_prompt_final,number,root-heldout,0,0.898936170212766,0.7372340425531915,0.33333554427972895,0.8638297872340426,14
qwen3-0.6b,metadata_free_prompt_final,number,root-heldout,1,0.9351063829787234,0.6925531914893617,0.30601383861190107,0.8872340425531915,3
qwen3-0.6b,metadata_free_prompt_final,number,root-heldout,2,0.9446808510638298,0.7340425531914894,0.31537828322868916,0.824468085106383,7
qwen3-0.6b,metadata_free_prompt_final,number,root-heldout,3,0.9127659574468086,0.747872340425532,0.328346303455202,0.824468085106383,17
qwen3-0.6b,metadata_free_prompt_final,number,root-heldout,4,0.939297124600639,0.6975505857294995,0.3216832735485585,0.8072417465388712,5
qwen3-0.6b,metadata_free_prompt_final,pos,lemma-heldout,0,0.8597236981934112,0.5589798087141339,0.3421880280205207,0.6886291179596175,0
qwen3-0.6b,metadata_free_prompt_final,pos,lemma-heldout,1,0.8074468085106383,0.4531914893617021,0.3442791336572144,0.5989361702127659,5
qwen3-0.6b,metadata_free_prompt_final,pos,lemma-heldout,2,0.8446808510638298,0.5117021276595745,0.3419812539141285,0.6382978723404256,11
qwen3-0.6b,metadata_free_prompt_final,pos,lemma-heldout,3,0.7925531914893617,0.48936170212765956,0.35219362258963477,0.6351063829787233,0
qwen3-0.6b,metadata_free_prompt_final,pos,lemma-heldout,4,0.7946808510638298,0.43617021276595747,0.31367958899178877,0.5840425531914893,7
qwen3-0.6b,metadata_free_prompt_final,pos,random,0,0.9086078639744952,0.5409139213602551,0.3412318840538083,0.6291179596174282,11
qwen3-0.6b,metadata_free_prompt_final,pos,random,1,0.9308510638297872,0.5148936170212766,0.30271370051959723,0.6297872340425532,3
qwen3-0.6b,metadata_free_prompt_final,pos,random,2,0.9329787234042554,0.5521276595744681,0.36322702208082336,0.6287234042553191,14
qwen3-0.6b,metadata_free_prompt_final,pos,random,3,0.9425531914893617,0.55,0.359863006933467,0.6287234042553191,10
qwen3-0.6b,metadata_free_prompt_final,pos,random,4,0.9457446808510638,0.5287234042553192,0.3301601999563338,0.6287234042553191,0
qwen3-0.6b,metadata_free_prompt_final,pos,root-heldout,0,0.8076514346439958,0.4729011689691817,0.34114253286538504,0.563230605738576,7
qwen3-0.6b,metadata_free_prompt_final,pos,root-heldout,1,0.8670212765957447,0.4978723404255319,0.3426342335208801,0.6574468085106383,7
qwen3-0.6b,metadata_free_prompt_final,pos,root-heldout,2,0.85,0.45851063829787236,0.30149215255873124,0.6170212765957447,20
qwen3-0.6b,metadata_free_prompt_final,pos,root-heldout,3,0.8276595744680851,0.5170212765957447,0.3309950949924338,0.6712765957446809,0
qwen3-0.6b,metadata_free_prompt_final,pos,root-heldout,4,0.8787234042553191,0.44042553191489364,0.3205446089411293,0.6361702127659574,22
qwen3-0.6b,target_final_subtoken,gender,lemma-heldout,0,0.8446808510638298,0.498936170212766,0.453514680451615,0.6542553191489362,16
qwen3-0.6b,target_final_subtoken,gender,lemma-heldout,1,0.8489361702127659,0.5234042553191489,0.48259254162653087,0.6808510638297872,11
qwen3-0.6b,target_final_subtoken,gender,lemma-heldout,2,0.8606382978723405,0.5085106382978724,0.48217147435897434,0.6425531914893617,0
qwen3-0.6b,target_final_subtoken,gender,lemma-heldout,3,0.8436170212765958,0.5106382978723404,0.4844131562881563,0.6180851063829788,22
qwen3-0.6b,target_final_subtoken,gender,lemma-heldout,4,0.8029818956336529,0.5069222577209798,0.4975864894255071,0.5346112886048988,4
qwen3-0.6b,target_final_subtoken,gender,random,0,0.9531914893617022,0.5542553191489362,0.5048221566499997,0.625531914893617,1
qwen3-0.6b,target_final_subtoken,gender,random,1,0.9595744680851064,0.5691489361702128,0.5184517597950858,0.625531914893617,12
qwen3-0.6b,target_final_subtoken,gender,random,2,0.9542553191489361,0.5446808510638298,0.49751204012709577,0.6265957446808511,14
qwen3-0.6b,target_final_subtoken,gender,random,3,0.9414893617021277,0.551063829787234,0.5106944615764154,0.6265957446808511,8
qwen3-0.6b,target_final_subtoken,gender,random,4,0.952076677316294,0.5591054313099042,0.5115470829480118,0.6261980830670927,6
qwen3-0.6b,target_final_subtoken,gender,root-heldout,0,0.8553191489361702,0.5031914893617021,0.48893475879299286,0.6021276595744681,0
qwen3-0.6b,target_final_subtoken,gender,root-heldout,1,0.8723404255319149,0.548936170212766,0.5134076602643929,0.6468085106382979,3
qwen3-0.6b,target_final_subtoken,gender,root-heldout,2,0.8085106382978723,0.5148936170212766,0.5115302740918685,0.5468085106382978,5
qwen3-0.6b,target_final_subtoken,gender,root-heldout,3,0.823404255319149,0.5351063829787234,0.4894853468449827,0.7138297872340426,8
qwen3-0.6b,target_final_subtoken,gender,root-heldout,4,0.8434504792332268,0.5356762513312034,0.48634447455585667,0.6208732694355698,8
qwen3-0.6b,target_final_subtoken,number,lemma-heldout,0,0.951063829787234,0.7329787234042553,0.3255044015993971,0.8106382978723404,9
qwen3-0.6b,target_final_subtoken,number,lemma-heldout,1,0.95,0.7712765957446809,0.34137546293495724,0.8436170212765958,16
qwen3-0.6b,target_final_subtoken,number,lemma-heldout,2,0.9319148936170213,0.7244680851063829,0.32881634685823324,0.8287234042553191,22
qwen3-0.6b,target_final_subtoken,number,lemma-heldout,3,0.9340425531914893,0.725531914893617,0.3275323048235071,0.8574468085106383,25
qwen3-0.6b,target_final_subtoken,number,lemma-heldout,4,0.9616613418530351,0.7380191693290735,0.31282859043018657,0.8668796592119276,15
qwen3-0.6b,target_final_subtoken,number,random,0,0.9702127659574468,0.798936170212766,0.33797915562621444,0.8414893617021276,25
qwen3-0.6b,target_final_subtoken,number,random,1,0.9691489361702128,0.7936170212765957,0.33564735131000195,0.8414893617021276,16
qwen3-0.6b,target_final_subtoken,number,random,2,0.9744680851063829,0.8053191489361702,0.3488334530141068,0.8414893617021276,6
qwen3-0.6b,target_final_subtoken,number,random,3,0.9808510638297873,0.7861702127659574,0.3158573207353695,0.8414893617021276,12
qwen3-0.6b,target_final_subtoken,number,random,4,0.9733759318423855,0.7976570820021299,0.3316202902409799,0.8413205537806177,12
qwen3-0.6b,target_final_subtoken,number,root-heldout,0,0.924468085106383,0.723404255319149,0.32622243253319566,0.8638297872340426,2
qwen3-0.6b,target_final_subtoken,number,root-heldout,1,0.9457446808510638,0.8191489361702128,0.3337407006718222,0.8872340425531915,19
qwen3-0.6b,target_final_subtoken,number,root-heldout,2,0.951063829787234,0.698936170212766,0.34263167632644453,0.824468085106383,17
qwen3-0.6b,target_final_subtoken,number,root-heldout,3,0.9202127659574468,0.6723404255319149,0.31447155210273653,0.824468085106383,19
qwen3-0.6b,target_final_subtoken,number,root-heldout,4,0.9659211927582535,0.6954206602768903,0.32084471463579173,0.8072417465388712,19
qwen3-0.6b,target_final_subtoken,pos,lemma-heldout,0,0.8650371944739639,0.4707757704569607,0.30765300764973763,0.6886291179596175,19
qwen3-0.6b,target_final_subtoken,pos,lemma-heldout,1,0.8553191489361702,0.45,0.32917016333435756,0.5989361702127659,8
qwen3-0.6b,target_final_subtoken,pos,lemma-heldout,2,0.8468085106382979,0.46595744680851064,0.3269646748562411,0.6382978723404256,6
qwen3-0.6b,target_final_subtoken,pos,lemma-heldout,3,0.8712765957446809,0.4765957446808511,0.357855291619013,0.6351063829787233,4
qwen3-0.6b,target_final_subtoken,pos,lemma-heldout,4,0.8148936170212766,0.4425531914893617,0.33126939685245943,0.5840425531914893,14
qwen3-0.6b,target_final_subtoken,pos,random,0,0.9298618490967057,0.5154091392136025,0.3430184320526694,0.6291179596174282,3
qwen3-0.6b,target_final_subtoken,pos,random,1,0.9297872340425531,0.5361702127659574,0.3579633049222248,0.6297872340425532,27
qwen3-0.6b,target_final_subtoken,pos,random,2,0.9446808510638298,0.5255319148936171,0.34290285523163777,0.6287234042553191,15
qwen3-0.6b,target_final_subtoken,pos,random,3,0.951063829787234,0.5255319148936171,0.31349109126743596,0.6287234042553191,7
qwen3-0.6b,target_final_subtoken,pos,random,4,0.9531914893617022,0.5372340425531915,0.34849196777889113,0.6287234042553191,9
qwen3-0.6b,target_final_subtoken,pos,root-heldout,0,0.8374070138150903,0.44208289054197664,0.3311127948293611,0.563230605738576,12
qwen3-0.6b,target_final_subtoken,pos,root-heldout,1,0.8372340425531914,0.4542553191489362,0.3218416724058941,0.6574468085106383,27
qwen3-0.6b,target_final_subtoken,pos,root-heldout,2,0.8021276595744681,0.43617021276595747,0.30975419153168515,0.6170212765957447,14
qwen3-0.6b,target_final_subtoken,pos,root-heldout,3,0.825531914893617,0.4797872340425532,0.3214249279824168,0.6712765957446809,12
qwen3-0.6b,target_final_subtoken,pos,root-heldout,4,0.8287234042553191,0.4776595744680851,0.31266646988403174,0.6361702127659574,18
qwen3-0.6b,target_mean_span,gender,lemma-heldout,0,0.8670212765957447,0.5308510638297872,0.5017973225842507,0.6542553191489362,22
qwen3-0.6b,target_mean_span,gender,lemma-heldout,1,0.8191489361702128,0.5404255319148936,0.4949731119943886,0.6808510638297872,25
qwen3-0.6b,target_mean_span,gender,lemma-heldout,2,0.8851063829787233,0.5180851063829788,0.48934547429998165,0.6425531914893617,9
qwen3-0.6b,target_mean_span,gender,lemma-heldout,3,0.8574468085106383,0.5159574468085106,0.49857850464550546,0.6180851063829788,4
qwen3-0.6b,target_mean_span,gender,lemma-heldout,4,0.7699680511182109,0.5228966986155484,0.5031933789350365,0.5346112886048988,12
qwen3-0.6b,target_mean_span,gender,random,0,0.9553191489361702,0.5563829787234043,0.5056992505665203,0.625531914893617,23
qwen3-0.6b,target_mean_span,gender,random,1,0.9531914893617022,0.5340425531914894,0.492815752128666,0.625531914893617,25
qwen3-0.6b,target_mean_span,gender,random,2,0.9468085106382979,0.5904255319148937,0.5324524991634789,0.6265957446808511,2
qwen3-0.6b,target_mean_span,gender,random,3,0.9414893617021277,0.5340425531914894,0.4879588496609773,0.6265957446808511,7
qwen3-0.6b,target_mean_span,gender,random,4,0.9446219382321619,0.549520766773163,0.4903294021333956,0.6261980830670927,13
qwen3-0.6b,target_mean_span,gender,root-heldout,0,0.7755319148936171,0.5042553191489362,0.48405425651704825,0.6021276595744681,12
qwen3-0.6b,target_mean_span,gender,root-heldout,1,0.8340425531914893,0.5414893617021277,0.515678813548178,0.6468085106382979,13
qwen3-0.6b,target_mean_span,gender,root-heldout,2,0.7968085106382978,0.5095744680851064,0.4889129227165669,0.5468085106382978,0
qwen3-0.6b,target_mean_span,gender,root-heldout,3,0.8840425531914894,0.5148936170212766,0.4760312151616499,0.7138297872340426,19
qwen3-0.6b,target_mean_span,gender,root-heldout,4,0.8434504792332268,0.5197018104366348,0.49286702232760327,0.6208732694355698,6
qwen3-0.6b,target_mean_span,number,lemma-heldout,0,0.9308510638297872,0.7148936170212766,0.32065562352201044,0.8106382978723404,20
qwen3-0.6b,target_mean_span,number,lemma-heldout,1,0.9340425531914893,0.6904255319148936,0.3239060484700906,0.8436170212765958,15
qwen3-0.6b,target_mean_span,number,lemma-heldout,2,0.9276595744680851,0.7223404255319149,0.34999016328939603,0.8287234042553191,16
qwen3-0.6b,target_mean_span,number,lemma-heldout,3,0.9308510638297872,0.7468085106382979,0.33594354728769577,0.8574468085106383,14
qwen3-0.6b,target_mean_span,number,lemma-heldout,4,0.9659211927582535,0.7188498402555911,0.31863577863577863,0.8668796592119276,7
qwen3-0.6b,target_mean_span,number,random,0,0.9744680851063829,0.7776595744680851,0.3216557043118596,0.8414893617021276,9
qwen3-0.6b,target_mean_span,number,random,1,0.9606382978723405,0.7936170212765957,0.34075752489649774,0.8414893617021276,22
qwen3-0.6b,target_mean_span,number,random,2,0.9765957446808511,0.774468085106383,0.3150860094016172,0.8414893617021276,5
qwen3-0.6b,target_mean_span,number,random,3,0.9787234042553191,0.7808510638297872,0.3225397816028545,0.8414893617021276,24
qwen3-0.6b,target_mean_span,number,random,4,0.9755058572949947,0.7752928647497338,0.31825486545196613,0.8413205537806177,14
qwen3-0.6b,target_mean_span,number,root-heldout,0,0.9148936170212766,0.7595744680851064,0.3401884609026285,0.8638297872340426,22
qwen3-0.6b,target_mean_span,number,root-heldout,1,0.9382978723404255,0.8063829787234043,0.3437451123636659,0.8872340425531915,11
qwen3-0.6b,target_mean_span,number,root-heldout,2,0.9106382978723404,0.6585106382978724,0.3318287998701927,0.824468085106383,9
qwen3-0.6b,target_mean_span,number,root-heldout,3,0.9117021276595745,0.6872340425531915,0.3381625616985391,0.824468085106383,19
qwen3-0.6b,target_mean_span,number,root-heldout,4,0.9435569755058573,0.7188498402555911,0.3401533383199454,0.8072417465388712,20
qwen3-0.6b,target_mean_span,pos,lemma-heldout,0,0.8490967056323061,0.46014877789585545,0.3126495748445538,0.6886291179596175,20
qwen3-0.6b,target_mean_span,pos,lemma-heldout,1,0.8351063829787234,0.4553191489361702,0.3095901892942666,0.5989361702127659,6
qwen3-0.6b,target_mean_span,pos,lemma-heldout,2,0.8436170212765958,0.4521276595744681,0.3201573407388651,0.6382978723404256,8
qwen3-0.6b,target_mean_span,pos,lemma-heldout,3,0.874468085106383,0.46702127659574466,0.34403976633802974,0.6351063829787233,20
qwen3-0.6b,target_mean_span,pos,lemma-heldout,4,0.8117021276595745,0.451063829787234,0.3485756235097493,0.5840425531914893,7
qwen3-0.6b,target_mean_span,pos,random,0,0.9404888416578109,0.5239107332624867,0.3201142543531407,0.6291179596174282,11
qwen3-0.6b,target_mean_span,pos,random,1,0.9329787234042554,0.5276595744680851,0.35472204407195007,0.6297872340425532,15
qwen3-0.6b,target_mean_span,pos,random,2,0.9329787234042554,0.4978723404255319,0.3067328178653604,0.6287234042553191,10
qwen3-0.6b,target_mean_span,pos,random,3,0.9574468085106383,0.5255319148936171,0.31708842947064136,0.6287234042553191,13
qwen3-0.6b,target_mean_span,pos,random,4,0.9425531914893617,0.5095744680851064,0.3182373009863247,0.6287234042553191,0
qwen3-0.6b,target_mean_span,pos,root-heldout,0,0.793836344314559,0.44739638682252925,0.33311240602248476,0.563230605738576,11
qwen3-0.6b,target_mean_span,pos,root-heldout,1,0.85,0.4946808510638298,0.3135391281552244,0.6574468085106383,13
qwen3-0.6b,target_mean_span,pos,root-heldout,2,0.8202127659574469,0.4372340425531915,0.3139735739896572,0.6170212765957447,22
qwen3-0.6b,target_mean_span,pos,root-heldout,3,0.825531914893617,0.4595744680851064,0.3164082257446646,0.6712765957446809,6
qwen3-0.6b,target_mean_span,pos,root-heldout,4,0.8138297872340425,0.42127659574468085,0.3265165767271339,0.6361702127659574,4
