model_id,feature_set,task,split,folds,accuracy_mean,accuracy_std,macro_f1_mean,macro_f1_std,majority_accuracy_mean,above_majority_mean,selected_layer_mean,selected_layers
allam-7b,full_prompt_final,gender,lemma-heldout,5,0.945521265266354,0.012170338834507115,0.9413416484182393,0.012628150280387903,0.6260711938911925,0.31945007137516146,3.6,"2,3,4,4,5"
allam-7b,full_prompt_final,gender,random,5,0.9819094555094827,0.0038755641856353484,0.980721380189925,0.004083233331749489,0.6260906804432058,0.35581877506627685,4.6,"2,4,5,6,6"
allam-7b,full_prompt_final,gender,root-heldout,5,0.9129669408379216,0.026851965460560973,0.9075633005511833,0.026678349570415344,0.6260895475041353,0.2868773933337865,16.2,"2,5,24,24,26"
allam-7b,full_prompt_final,number,lemma-heldout,5,0.97872068520155,0.010399399051678986,0.9243645586816293,0.06886916054196786,0.8414610382253642,0.13725964697618562,14.2,"3,4,19,21,24"
allam-7b,full_prompt_final,number,random,5,0.9908497043029026,0.002569399169626557,0.9601645216150636,0.016585012457251486,0.8414556001178257,0.14939410418507695,11.0,"4,5,10,17,19"
allam-7b,full_prompt_final,number,root-heldout,5,0.9563816191965197,0.052998699020389714,0.8620042167899239,0.1377102964801228,0.8414483493077742,0.11493326988874535,17.6,"8,18,19,20,23"
allam-7b,full_prompt_final,pos,lemma-heldout,5,0.8817272254505166,0.020883920678856967,0.8704306170232741,0.015277711981069309,0.6290024193366044,0.25272480611391235,20.0,"14,15,22,23,26"
allam-7b,full_prompt_final,pos,random,5,0.9644775815678205,0.006966808389899473,0.9593474572168711,0.007945154592557842,0.6290150812851878,0.33546250028263275,22.8,"20,21,23,24,26"
allam-7b,full_prompt_final,pos,root-heldout,5,0.8766188075157709,0.013565765141130124,0.8599763539025383,0.02809590059069271,0.6290290998711194,0.24758970764465144,18.4,"16,16,18,18,24"
allam-7b,metadata_free_prompt_final,gender,lemma-heldout,5,0.8591169872884237,0.012422697013051069,0.8493813287900511,0.011094340876519369,0.6260711938911925,0.2330457933972311,20.2,"4,21,25,25,26"
allam-7b,metadata_free_prompt_final,gender,random,5,0.9529710194185756,0.007523351164593395,0.9500426715293578,0.007896799593089412,0.6260906804432058,0.3268803389753699,16.8,"6,8,18,25,27"
allam-7b,metadata_free_prompt_final,gender,root-heldout,5,0.8440112840731425,0.033257876473621016,0.8327274508922475,0.03718068124293288,0.6260895475041353,0.2179217365690073,12.2,"5,8,11,12,25"
allam-7b,metadata_free_prompt_final,number,lemma-heldout,5,0.9704189608682844,0.01116641155645773,0.8876838774557999,0.07126211285725596,0.8414610382253642,0.12895792264292025,17.8,"12,13,16,22,26"
allam-7b,metadata_free_prompt_final,number,random,5,0.9870187841297895,0.0020613054736302525,0.9512702300856478,0.024314284496075488,0.8414556001178257,0.1455631840119639,11.4,"5,5,12,14,21"
allam-7b,metadata_free_prompt_final,number,root-heldout,5,0.9625443545646115,0.011087505712694358,0.8687217811808798,0.03738583766233329,0.8414483493077742,0.12109600525683728,16.0,"4,8,20,22,26"
allam-7b,metadata_free_prompt_final,pos,lemma-heldout,5,0.8798064530716531,0.02614107085276519,0.8636005661304742,0.025596111784651855,0.6290024193366042,0.2508040337350487,22.8,"13,25,25,25,26"
allam-7b,metadata_free_prompt_final,pos,random,5,0.9500128880548081,0.00725889751093096,0.9417500702044382,0.008310765206106501,0.6290150812851878,0.32099780676962036,19.2,"7,16,23,24,26"
allam-7b,metadata_free_prompt_final,pos,root-heldout,5,0.8532213353833631,0.015192286897045678,0.8217487909992691,0.0293617000703827,0.6290290998711194,0.2241922355122436,20.2,"14,17,22,24,24"
allam-7b,target_final_subtoken,gender,lemma-heldout,5,0.9257258740624928,0.012177387752832426,0.9201079882864238,0.011306524005142536,0.6260711938911925,0.29965468017130037,12.0,"4,6,14,17,19"
allam-7b,target_final_subtoken,gender,random,5,0.9761647746584188,0.00633460949427228,0.9746055104911011,0.0066851948624619875,0.6260906804432057,0.350074094215213,16.4,"4,7,14,26,31"
allam-7b,target_final_subtoken,gender,root-heldout,5,0.9148800217524302,0.02427512888232643,0.9080427226864813,0.026887982972311205,0.6260895475041353,0.2887904742482949,17.8,"4,15,22,22,26"
allam-7b,target_final_subtoken,number,lemma-heldout,5,0.9865930256270816,0.0051501843746045274,0.9164594539316226,0.06287036677203306,0.8414610382253642,0.14513198740171754,15.2,"5,7,15,24,25"
allam-7b,target_final_subtoken,number,random,5,0.9936163415131535,0.0017789091090052941,0.963355971823518,0.02332214746629235,0.8414556001178257,0.15216074139532781,12.4,"5,12,13,14,18"
allam-7b,target_final_subtoken,number,root-heldout,5,0.9872326830263068,0.007087427824709172,0.9268869475667942,0.06342525057067588,0.8414483493077742,0.14578433371853255,17.2,"7,11,15,26,27"
allam-7b,target_final_subtoken,pos,lemma-heldout,5,0.911505867456531,0.019618286906434766,0.8984907861932985,0.01810596290501381,0.6290024193366043,0.2825034481199268,5.2,"2,6,6,6,6"
allam-7b,target_final_subtoken,pos,random,5,0.9672412779523819,0.00400088576215984,0.9620945582289233,0.004756257848803037,0.6290150812851877,0.3382261966671942,9.8,"7,8,9,9,16"
allam-7b,target_final_subtoken,pos,root-heldout,5,0.8927908291315261,0.020588116381272982,0.8695542102971958,0.03920873035780028,0.6290290998711195,0.26376172926040653,15.4,"9,9,17,20,22"
allam-7b,target_mean_span,gender,lemma-heldout,5,0.917002696394988,0.014388900300791539,0.9101756055506731,0.016047845328421153,0.6260711938911926,0.29093150250379535,21.6,"6,20,23,29,30"
allam-7b,target_mean_span,gender,random,5,0.9729732852967168,0.00158713686308296,0.9711959373958073,0.0017440810183061838,0.6260906804432058,0.3468826048535109,23.8,"12,23,26,29,29"
allam-7b,target_mean_span,gender,root-heldout,5,0.9095561144721638,0.019097542480753106,0.9026120628056453,0.019893726106542626,0.6260895475041353,0.28346656696802847,19.4,"7,15,20,26,29"
allam-7b,target_mean_span,number,lemma-heldout,5,0.979354224729794,0.008800346954593776,0.9154528624911655,0.06045235343250588,0.8414610382253642,0.1378931865044298,24.4,"18,21,26,27,30"
allam-7b,target_mean_span,number,random,5,0.9940414202524188,0.001442549496837849,0.9634254886042692,0.028301658557491012,0.8414556001178257,0.15258582013459318,14.2,"6,14,14,15,22"
allam-7b,target_mean_span,number,root-heldout,5,0.9853162032945868,0.002962646665224347,0.9347830404729542,0.0336115124088938,0.8414483493077742,0.14386785398681257,25.8,"18,26,28,28,29"
allam-7b,target_mean_span,pos,lemma-heldout,5,0.8840701381509033,0.022011985732099462,0.8664298741392249,0.022243328353715893,0.6290024193366043,0.255067718814299,17.8,"4,6,24,26,29"
allam-7b,target_mean_span,pos,random,5,0.956606597779637,0.0073406960149779675,0.9500102127336569,0.008727925389639549,0.6290150812851877,0.3275915164944491,11.2,"6,8,9,16,17"
allam-7b,target_mean_span,pos,root-heldout,5,0.8774809505505686,0.04075823651121139,0.8536381760893118,0.04972941821579384,0.6290290998711194,0.24845185067944917,9.0,"3,5,6,14,17"
gemma-4-2b,full_prompt_final,gender,lemma-heldout,5,0.935516960097886,0.01330393953252532,0.9310449172415168,0.013480112671464518,0.6260711938911925,0.3094457662066934,2.4,"1,2,2,3,4"
gemma-4-2b,full_prompt_final,gender,random,5,0.9778669023179933,0.0035271725688864903,0.9764125286920523,0.003712997341778999,0.6260906804432058,0.3517762218747875,2.0,"1,2,2,2,3"
gemma-4-2b,full_prompt_final,gender,root-heldout,5,0.9148797951646161,0.013735643499197519,0.9085567978514689,0.013575788991531255,0.6260895475041353,0.28879024766048084,3.2,"1,2,2,5,6"
gemma-4-2b,full_prompt_final,number,lemma-heldout,5,0.9395631386944011,0.018179217545711834,0.8261788678539744,0.07663324694598621,0.8414610382253642,0.09810210046903681,4.2,"2,3,4,4,8"
gemma-4-2b,full_prompt_final,number,random,5,0.9782908481181881,0.0067935468113941525,0.8938279266882873,0.04775350371230715,0.8414556001178257,0.13683524800036256,4.4,"2,3,4,4,9"
gemma-4-2b,full_prompt_final,number,root-heldout,5,0.904867106247026,0.044676013860567944,0.744055613292152,0.11809836354376177,0.8414483493077742,0.06341875693925181,7.0,"3,3,4,4,21"
gemma-4-2b,full_prompt_final,pos,lemma-heldout,5,0.847265019105976,0.023293445331100816,0.8274887446613585,0.02488850408088543,0.6290024193366043,0.21826259976937168,3.6,"2,3,3,4,6"
gemma-4-2b,full_prompt_final,pos,random,5,0.9553290976100571,0.005900462919221552,0.9481090717708381,0.007355105796530537,0.6290150812851877,0.32631401632486945,2.4,"1,2,2,2,5"
gemma-4-2b,full_prompt_final,pos,root-heldout,5,0.818356433852624,0.048261558254396264,0.7798727797695995,0.04778502477352107,0.6290290998711194,0.1893273339815045,3.8,"0,3,4,4,8"
gemma-4-2b,metadata_free_prompt_final,gender,lemma-heldout,5,0.8395447850814584,0.03419279006191259,0.8272914657284733,0.03682921519412459,0.6260711938911925,0.21347359119026574,7.2,"1,3,4,4,24"
gemma-4-2b,metadata_free_prompt_final,gender,random,5,0.9514778057236082,0.006824929362030224,0.9483957545049246,0.007376042736998124,0.6260906804432058,0.32538712528040237,6.8,"4,5,5,6,14"
gemma-4-2b,metadata_free_prompt_final,gender,root-heldout,5,0.8269832098429747,0.023342073471523617,0.8155169410123779,0.029034409551978686,0.6260895475041353,0.20089366233883946,11.4,"4,4,5,22,22"
gemma-4-2b,metadata_free_prompt_final,number,lemma-heldout,5,0.9161550313824124,0.014533021934413576,0.6968840953410713,0.04138402754974726,0.8414610382253642,0.07469399315704806,10.4,"4,4,8,14,22"
gemma-4-2b,metadata_free_prompt_final,number,random,5,0.9687184193234089,0.007165723818611181,0.8618412187732243,0.05844794011659422,0.8414556001178257,0.12726281920558316,15.6,"4,8,14,26,26"
gemma-4-2b,metadata_free_prompt_final,number,root-heldout,5,0.9323250175605556,0.009369453622683065,0.7569085019663162,0.05193338912782246,0.8414483493077742,0.09087666825278133,16.6,"14,14,14,18,23"
gemma-4-2b,metadata_free_prompt_final,pos,lemma-heldout,5,0.7530461030592172,0.042444554323467984,0.716946647485672,0.04579717925576106,0.6290024193366042,0.12404368372261292,9.4,"3,5,6,11,22"
gemma-4-2b,metadata_free_prompt_final,pos,random,5,0.9234196305424287,0.007650442044110912,0.9095504018377234,0.008852392401695343,0.6290150812851877,0.294404549257241,6.8,"2,4,4,10,14"
gemma-4-2b,metadata_free_prompt_final,pos,root-heldout,5,0.7515506364890225,0.03577292636297443,0.713725121509574,0.03159337292085481,0.6290290998711194,0.12252153661790308,7.0,"4,5,5,7,14"
gemma-4-2b,target_final_subtoken,gender,lemma-heldout,5,0.8223073437110552,0.025750346611126396,0.811608049908018,0.03043163717055434,0.6260711938911926,0.19623614981986268,11.8,"7,8,9,12,23"
gemma-4-2b,target_final_subtoken,gender,random,5,0.9523286429655814,0.004136640193978709,0.9493294163355646,0.004242653256798349,0.6260906804432058,0.3262379625223756,11.0,"8,8,13,13,13"
gemma-4-2b,target_final_subtoken,gender,root-heldout,5,0.808049532096164,0.02357480146240718,0.7978461476634665,0.02049670818060579,0.6260895475041353,0.18195998459202867,13.2,"7,13,14,14,18"
gemma-4-2b,target_final_subtoken,number,lemma-heldout,5,0.9399884440214805,0.015912104221792078,0.752358439766083,0.07045636915382059,0.8414610382253642,0.09852740579611627,15.4,"8,8,15,23,23"
gemma-4-2b,target_final_subtoken,number,random,5,0.9789327713955543,0.006499762323084705,0.8860214149401875,0.041513457293688924,0.8414556001178257,0.1374771712777287,12.6,"7,8,12,13,23"
gemma-4-2b,target_final_subtoken,number,root-heldout,5,0.9429676206013641,0.018698739153187253,0.7700981856414395,0.020181121746829404,0.8414483493077742,0.1015192712935898,14.6,"8,9,9,23,24"
gemma-4-2b,target_final_subtoken,pos,lemma-heldout,5,0.7791916702466819,0.029004549597694454,0.7516966597533609,0.027159532260299574,0.6290024193366043,0.15018925091007757,8.8,"7,8,8,8,13"
gemma-4-2b,target_final_subtoken,pos,random,5,0.9363979017342349,0.008016707068211502,0.9252030321797455,0.010470004275381908,0.6290150812851877,0.30738282044904697,8.0,"8,8,8,8,8"
gemma-4-2b,target_final_subtoken,pos,root-heldout,5,0.7664306871368168,0.033604552532945406,0.7190996675274967,0.03524339103584481,0.6290290998711195,0.1374015872656974,9.8,"8,8,9,10,14"
gemma-4-2b,target_mean_span,gender,lemma-heldout,5,0.7961088074683345,0.047287436498056605,0.7851793357914474,0.04278060721692549,0.6260711938911925,0.1700376135771418,17.0,"8,12,13,23,29"
gemma-4-2b,target_mean_span,gender,random,5,0.947859878095756,0.00765226631309396,0.9445948560196549,0.008201605764926971,0.6260906804432058,0.32176919765255024,13.8,"3,8,13,22,23"
gemma-4-2b,target_mean_span,gender,root-heldout,5,0.7988949312305984,0.021600285283714715,0.7865643363997067,0.03128723292153229,0.6260895475041353,0.1728053837264632,14.8,"7,13,13,18,23"
gemma-4-2b,target_mean_span,number,lemma-heldout,5,0.9069974848752633,0.021431067474605787,0.7209004479072215,0.10637592130924899,0.8414610382253643,0.06553644664989915,15.2,"12,13,13,15,23"
gemma-4-2b,target_mean_span,number,random,5,0.975953821403485,0.004281179721353013,0.8784276041777327,0.03917078655754052,0.8414556001178257,0.1344982212856593,15.0,"13,13,13,13,23"
gemma-4-2b,target_mean_span,number,root-heldout,5,0.8980644868918951,0.021791000557749983,0.7062579426363624,0.06379322074235137,0.8414483493077742,0.05661613758412069,20.6,"12,22,23,23,23"
gemma-4-2b,target_mean_span,pos,lemma-heldout,5,0.7594105410721959,0.042005854509095567,0.7239648505513581,0.047359491394145956,0.6290024193366043,0.1304081217355914,11.8,"4,8,12,12,23"
gemma-4-2b,target_mean_span,pos,random,5,0.9234243787731475,0.01209955149200666,0.9083302119713711,0.013979508318769492,0.6290150812851877,0.29440929748795985,9.0,"7,8,8,9,13"
gemma-4-2b,target_mean_span,pos,root-heldout,5,0.7555904764058154,0.03325820709130588,0.7104995599158619,0.01962563614326921,0.6290290998711195,0.12656137653469599,14.0,"8,12,12,15,23"
jais-13b,full_prompt_final,gender,lemma-heldout,5,0.9376437133210975,0.012613487775828502,0.9328131903618715,0.013855447895061336,0.6260711938911926,0.31157251942990505,15.2,"13,13,15,16,19"
jais-13b,full_prompt_final,gender,random,5,0.972547300206195,0.003323908513189134,0.9706881591040851,0.0034624543957447952,0.6260906804432058,0.34645661976298914,11.6,"11,11,11,12,13"
jais-13b,full_prompt_final,gender,root-heldout,5,0.925293544513176,0.027549341540701367,0.9190094944847139,0.029771689496710087,0.6260895475041353,0.2992039970090408,15.6,"13,13,14,16,22"
jais-13b,full_prompt_final,number,lemma-heldout,5,0.9419012983481748,0.011864381552025436,0.7248547076293937,0.11948848254656513,0.8414610382253643,0.1004402601228106,13.2,"10,13,13,15,15"
jais-13b,full_prompt_final,number,random,5,0.9770165182516484,0.0035338870124054667,0.8018175348496179,0.05969474692110165,0.8414556001178257,0.1355609181338228,13.4,"11,13,13,15,15"
jais-13b,full_prompt_final,number,root-heldout,5,0.930411256882605,0.040723653138511964,0.7105378045410357,0.07699990110151186,0.8414483493077742,0.08896290757483061,13.8,"9,11,12,15,22"
jais-13b,full_prompt_final,pos,lemma-heldout,5,0.8966158681348497,0.024214029209140977,0.8793014108560092,0.027081428676829347,0.6290024193366043,0.2676134487982454,14.0,"12,13,13,15,17"
jais-13b,full_prompt_final,pos,random,5,0.9534155606303841,0.005038183426690135,0.945945590511298,0.005832396324738453,0.6290150812851877,0.3244004793451964,14.8,"13,13,15,15,18"
jais-13b,full_prompt_final,pos,root-heldout,5,0.8670748637709996,0.06006190063405042,0.8430615138498118,0.05535193432053623,0.6290290998711195,0.23804576389988014,13.8,"9,13,15,16,16"
jais-13b,metadata_free_prompt_final,gender,lemma-heldout,5,0.942965128135409,0.013167627334592771,0.9380739400031809,0.014204532036335388,0.6260711938911925,0.31689393424421636,14.0,"11,13,15,15,16"
jais-13b,metadata_free_prompt_final,gender,random,5,0.971268665171187,0.004323849517128153,0.9692838324033243,0.00456618910839796,0.6260906804432058,0.34517798472798134,15.6,"13,16,16,16,17"
jais-13b,metadata_free_prompt_final,gender,root-heldout,5,0.9367906102009835,0.016137310024135938,0.9316409501461989,0.015449987845449206,0.6260895475041353,0.31070106269684816,15.0,"13,14,14,16,18"
jais-13b,metadata_free_prompt_final,number,lemma-heldout,5,0.9746783585978746,0.008437185904910303,0.8271685037238837,0.07369175279949147,0.8414610382253642,0.13321732037251038,15.2,"12,14,16,17,17"
jais-13b,metadata_free_prompt_final,number,random,5,0.9836140756350125,0.003955779208888113,0.8925207165611629,0.038038947650872956,0.8414556001178257,0.14215847551718672,13.8,"10,12,15,15,17"
jais-13b,metadata_free_prompt_final,number,root-heldout,5,0.9665903065733124,0.01250461433938699,0.7774161892137463,0.07447124106661254,0.8414483493077741,0.1251419572655382,15.4,"10,13,15,17,22"
jais-13b,metadata_free_prompt_final,pos,lemma-heldout,5,0.908739457797273,0.025633829941394796,0.8892181964945814,0.0291661905216467,0.6290024193366043,0.27973703846066883,14.8,"12,14,15,16,17"
jais-13b,metadata_free_prompt_final,pos,random,5,0.9559676215886223,0.00753530268435517,0.9478182512831099,0.009252717724504918,0.6290150812851877,0.3269525403034345,14.0,"10,12,13,15,20"
jais-13b,metadata_free_prompt_final,pos,root-heldout,5,0.8970495398738327,0.03022970040414925,0.8739815555807169,0.034194716219518154,0.6290290998711194,0.2680204400027133,13.2,"11,13,14,14,14"
jais-13b,target_final_subtoken,gender,lemma-heldout,5,0.9161554845580404,0.02128134675828455,0.9104326076500315,0.020874121567352973,0.6260711938911925,0.29008429066684793,21.6,"16,18,18,19,37"
jais-13b,target_final_subtoken,gender,random,5,0.9659511023497156,0.00586096183465691,0.9637330241409693,0.006216259116398789,0.6260906804432058,0.33986042190650984,3.6,"0,0,0,0,18"
jais-13b,target_final_subtoken,gender,root-heldout,5,0.902749869712007,0.049857469076059,0.8962570153949733,0.04951549019507078,0.6260895475041353,0.2766603222078717,15.6,"0,18,18,21,21"
jais-13b,target_final_subtoken,number,lemma-heldout,5,0.9540321301520404,0.013279359490367725,0.8055231625999824,0.08073588566581322,0.8414610382253642,0.1125710919266762,23.4,"18,20,20,23,36"
jais-13b,target_final_subtoken,number,random,5,0.980421906509868,0.007387582768506244,0.898334527800311,0.04096196051058507,0.8414556001178257,0.13896630639204227,7.6,"0,0,0,1,37"
jais-13b,target_final_subtoken,number,root-heldout,5,0.9493544513176083,0.014242115751965413,0.8008420098533342,0.04221035363445826,0.8414483493077742,0.10790610200983389,9.2,"0,0,0,19,27"
jais-13b,target_final_subtoken,pos,lemma-heldout,5,0.8342881045515183,0.007464225367920363,0.8135498793006507,0.010300417905302887,0.6290024193366042,0.205285685214914,16.0,"0,19,20,20,21"
jais-13b,target_final_subtoken,pos,random,5,0.9366142853912768,0.016044458821459207,0.9250407853558533,0.019829924148586732,0.6290150812851877,0.3075992041060891,25.4,"20,20,21,27,39"
jais-13b,target_final_subtoken,pos,root-heldout,5,0.8342919483573384,0.01966611846643511,0.8054031520098281,0.022581994299761463,0.6290290998711194,0.2052628484862188,24.6,"19,20,22,23,39"
jais-13b,target_mean_span,gender,lemma-heldout,5,0.9338107538576574,0.015955366683671066,0.9287234774032991,0.015616331733828674,0.6260711938911925,0.307739559966465,4.2,"1,2,4,5,9"
jais-13b,target_mean_span,gender,random,5,0.9774418235787279,0.004004239656433336,0.9759404833732607,0.0042797716215670694,0.6260906804432058,0.3513511431355221,9.0,"1,3,6,17,18"
jais-13b,target_mean_span,gender,root-heldout,5,0.8984990823193527,0.04031445927011273,0.8898928559600421,0.0483890363823359,0.6260895475041353,0.2724095348152176,10.4,"2,6,7,17,20"
jais-13b,target_mean_span,number,lemma-heldout,5,0.9497747717127772,0.013113327831989523,0.8065633570208692,0.09933981120007022,0.8414610382253642,0.10831373348741305,16.0,"2,3,19,22,34"
jais-13b,target_mean_span,number,random,5,0.9819108150363673,0.004613603809945091,0.904659997368381,0.039376465370281395,0.8414556001178257,0.1404552149185417,5.2,"1,1,3,6,15"
jais-13b,target_mean_span,number,root-heldout,5,0.9399775678064035,0.023142597498352235,0.784555511549561,0.07216669912991111,0.8414483493077742,0.09852921849862913,10.6,"0,0,6,18,29"
jais-13b,target_mean_span,pos,lemma-heldout,5,0.8519454179573562,0.01013737204791915,0.8336043837663208,0.01660372742222829,0.6290024193366044,0.22294299862075206,9.0,"1,2,5,17,20"
jais-13b,target_mean_span,pos,random,5,0.9544800687362922,0.009391316161120353,0.9471815473107142,0.010910564349833791,0.6290150812851877,0.3254649874511045,8.0,"2,3,8,9,18"
jais-13b,target_mean_span,pos,root-heldout,5,0.8383329188052546,0.03044499227156673,0.8090226064120681,0.04551100450594662,0.6290290998711194,0.20930381893413524,20.4,"6,11,19,29,37"
llama-3.1-8b,full_prompt_final,gender,lemma-heldout,5,0.9467999003013619,0.009762110030601677,0.9423569336201298,0.01155317502519295,0.6260711938911926,0.3207287064101692,13.2,"4,7,17,18,20"
llama-3.1-8b,full_prompt_final,gender,random,5,0.9797827022862711,0.0035616208281363565,0.9784234113288652,0.003794214419558492,0.6260906804432058,0.35369202184306525,14.2,"3,12,16,19,21"
llama-3.1-8b,full_prompt_final,gender,root-heldout,5,0.932539143044887,0.029539312528436123,0.928305938238547,0.02833827480211684,0.6260895475041353,0.30644959554075185,10.2,"6,7,7,12,19"
llama-3.1-8b,full_prompt_final,number,lemma-heldout,5,0.9619037908141299,0.010809053159546039,0.8972267381720634,0.05787104530407155,0.8414610382253642,0.12044275258876577,16.4,"7,16,19,19,21"
llama-3.1-8b,full_prompt_final,number,random,5,0.9908499308907167,0.003596993489072041,0.9496570948334995,0.028367370608057364,0.8414556001178257,0.14939433077289105,18.2,"15,15,20,20,21"
llama-3.1-8b,full_prompt_final,number,root-heldout,5,0.938927786463644,0.04618931258624471,0.8613704372375077,0.07956426472841485,0.8414483493077742,0.09747943715586975,13.0,"9,12,12,14,18"
llama-3.1-8b,full_prompt_final,pos,lemma-heldout,5,0.858970538358921,0.023563066115544307,0.8399829884710976,0.02445631220879676,0.6290024193366042,0.2299681190223167,14.4,"9,10,16,16,21"
llama-3.1-8b,full_prompt_final,pos,random,5,0.9555396025052569,0.006407129843502284,0.9492587197718325,0.007313157303389618,0.6290150812851877,0.3265245212200692,18.4,"10,13,20,24,25"
llama-3.1-8b,full_prompt_final,pos,root-heldout,5,0.8440830262057114,0.043999111288483356,0.8177875445960385,0.05288021352452405,0.6290290998711194,0.21505392633459194,14.4,"7,11,11,18,25"
llama-3.1-8b,metadata_free_prompt_final,gender,lemma-heldout,5,0.8789162304851246,0.024305524950545887,0.8690638728569191,0.02663544155424228,0.6260711938911925,0.2528450365939319,17.2,"8,17,20,20,21"
llama-3.1-8b,metadata_free_prompt_final,gender,random,5,0.9621201821766026,0.01060652959270204,0.9595682796721731,0.011294782638152784,0.6260906804432058,0.3360295017333967,17.0,"9,17,18,20,21"
llama-3.1-8b,metadata_free_prompt_final,gender,root-heldout,5,0.882948360637165,0.01651416207756649,0.8734697882966236,0.020584591749721482,0.6260895475041353,0.2568588131330297,17.4,"7,19,20,20,21"
llama-3.1-8b,metadata_free_prompt_final,number,lemma-heldout,5,0.9506199442593978,0.019909114921151803,0.855494057400902,0.04870005302426173,0.8414610382253642,0.10915890603403353,13.0,"8,9,13,14,21"
llama-3.1-8b,metadata_free_prompt_final,number,random,5,0.9836138490471983,0.006224239465598649,0.9225950441597697,0.038704604263356944,0.8414556001178257,0.14215824892937262,16.2,"8,16,17,19,21"
llama-3.1-8b,metadata_free_prompt_final,number,root-heldout,5,0.9593512790882107,0.008663078086957095,0.8828960263143892,0.04024272033321657,0.8414483493077742,0.11790292978043637,20.0,"18,18,21,21,22"
llama-3.1-8b,metadata_free_prompt_final,pos,lemma-heldout,5,0.8117437312049202,0.022553658537845436,0.7800366478648136,0.029194240132310055,0.6290024193366043,0.18274131186831574,15.0,"8,12,17,19,19"
llama-3.1-8b,metadata_free_prompt_final,pos,random,5,0.9425685667126416,0.010247953546250478,0.9325069504034185,0.012917161408364089,0.6290150812851877,0.31355348542745387,17.8,"12,18,19,20,20"
llama-3.1-8b,metadata_free_prompt_final,pos,root-heldout,5,0.8125984127343026,0.022710806341456866,0.7690417488495365,0.025239024241377413,0.6290290998711195,0.18356931286318312,15.0,"9,11,11,21,23"
llama-3.1-8b,target_final_subtoken,gender,lemma-heldout,5,0.8835891509754605,0.016690785321307595,0.875495902292491,0.013684762319721315,0.6260711938911925,0.257517957084268,10.0,"4,5,6,9,26"
llama-3.1-8b,target_final_subtoken,gender,random,5,0.9665880406951715,0.006006434874925023,0.9644257336911831,0.006362175034908899,0.6260906804432058,0.34049736025196553,15.8,"4,7,18,20,30"
llama-3.1-8b,target_final_subtoken,gender,root-heldout,5,0.9008286316361905,0.023180906700272917,0.8940199347925966,0.0210449338616527,0.6260895475041353,0.2747390841320554,8.2,"4,4,6,10,17"
llama-3.1-8b,target_final_subtoken,number,lemma-heldout,5,0.9780823873292095,0.009310550807998263,0.8975539944379104,0.08327482229929876,0.8414610382253642,0.1366213491038452,10.4,"4,7,13,14,14"
llama-3.1-8b,target_final_subtoken,number,random,5,0.991487775587429,0.002932202645466917,0.9547463820693773,0.02169779344176314,0.8414556001178257,0.1500321754696033,12.0,"6,8,13,16,17"
llama-3.1-8b,target_final_subtoken,number,root-heldout,5,0.9746783585978747,0.018219154130968276,0.882839442123285,0.06706921051097536,0.8414483493077742,0.13323000929010037,11.8,"7,7,7,8,30"
llama-3.1-8b,target_final_subtoken,pos,lemma-heldout,5,0.8438729735229611,0.026815643765397405,0.8209239818111836,0.030496393973818484,0.6290024193366042,0.21487055418635678,15.4,"6,8,11,22,30"
llama-3.1-8b,target_final_subtoken,pos,random,5,0.9489504149049223,0.013935724243746589,0.9404190189264648,0.01711599012302926,0.6290150812851877,0.3199353336197346,9.4,"3,6,10,11,17"
llama-3.1-8b,target_final_subtoken,pos,root-heldout,5,0.8487564157641259,0.00926986002702145,0.8201025621482557,0.018296235105904855,0.6290290998711194,0.21972731589300656,14.0,"6,9,11,16,28"
llama-3.1-8b,target_mean_span,gender,lemma-heldout,5,0.9104021933700406,0.01348115406862352,0.9034421615047787,0.009691649398697941,0.6260711938911925,0.284330999478848,29.4,"27,27,31,31,31"
llama-3.1-8b,target_mean_span,gender,random,5,0.9653107651870482,0.005330795631873269,0.9630533277122438,0.005664470262194296,0.6260906804432058,0.3392200847438424,26.0,"19,21,29,30,31"
llama-3.1-8b,target_mean_span,gender,root-heldout,5,0.900829537987447,0.0030527431572267426,0.8921259195483808,0.0059071538025778116,0.6260895475041353,0.27473999048331177,24.2,"16,20,23,31,31"
llama-3.1-8b,target_mean_span,number,lemma-heldout,5,0.9689295991661568,0.011485306706465817,0.8893202942416026,0.05723506511199523,0.8414610382253642,0.12746856094079262,16.0,"6,13,16,18,27"
llama-3.1-8b,target_mean_span,number,random,5,0.9887211383771781,0.002740773698434957,0.9557957723305867,0.0268602227962694,0.8414556001178257,0.14726553825935246,18.4,"10,14,16,24,28"
llama-3.1-8b,target_mean_span,number,root-heldout,5,0.9697808895837582,0.006748016762973874,0.9025395293199348,0.0385687141215901,0.8414483493077742,0.1283325402759839,17.2,"7,7,22,24,26"
llama-3.1-8b,target_mean_span,pos,lemma-heldout,5,0.8581181178917856,0.02576713182808916,0.8383442534182406,0.025844023792326913,0.6290024193366043,0.22911569855518127,11.2,"7,8,10,11,20"
llama-3.1-8b,target_mean_span,pos,random,5,0.9491604675876726,0.005350027074221117,0.9409902035951413,0.00593264707059555,0.6290150812851877,0.3201453863024849,13.6,"5,12,14,17,20"
llama-3.1-8b,target_mean_span,pos,root-heldout,5,0.8425823591923486,0.03483526642424164,0.8133023205917762,0.035650155351524555,0.6290290998711195,0.21355325932122912,14.0,"9,10,11,15,25"
llama-3.2-1b,full_prompt_final,gender,lemma-heldout,5,0.9180597285477987,0.02861824995049691,0.9124819383943376,0.027985044349327217,0.6260711938911925,0.2919885346566061,1.6,"0,0,1,1,6"
llama-3.2-1b,full_prompt_final,gender,random,5,0.982123354406,0.0035884149902722607,0.9809355696500003,0.0038074147452483364,0.6260906804432058,0.35603267396279425,0.2,"0,0,0,0,1"
llama-3.2-1b,full_prompt_final,gender,root-heldout,5,0.883586205333877,0.018796532722336556,0.8758729357194447,0.019266371728655522,0.6260895475041353,0.25749665782974185,4.0,"0,3,3,7,7"
llama-3.2-1b,full_prompt_final,number,lemma-heldout,5,0.9165798835338634,0.01611940541094244,0.8207334694769599,0.03265191579646595,0.8414610382253642,0.0751188453084993,8.2,"3,6,10,10,12"
llama-3.2-1b,full_prompt_final,number,random,5,0.9744631001744726,0.004090054694233982,0.9215710171810072,0.03219970924976922,0.8414556001178257,0.133007500056647,6.8,"0,6,6,11,11"
llama-3.2-1b,full_prompt_final,number,root-heldout,5,0.8812541635510843,0.021543811487282617,0.7604849898663557,0.0664971558744673,0.8414483493077742,0.03980581424330996,6.2,"0,5,5,6,15"
llama-3.2-1b,full_prompt_final,pos,lemma-heldout,5,0.8268455920591494,0.029120214227773247,0.8053746240076599,0.029619773665490505,0.6290024193366043,0.19784317272254504,9.4,"3,10,11,11,12"
llama-3.2-1b,full_prompt_final,pos,random,5,0.9491600153752232,0.008331589921834822,0.9405123273163394,0.009316680402674865,0.6290150812851877,0.3201449340900354,4.4,"1,1,4,5,11"
llama-3.2-1b,full_prompt_final,pos,root-heldout,5,0.8262222171976396,0.04306787398706017,0.7954970333189952,0.04159140640201101,0.6290290998711194,0.19719311732651998,8.8,"5,9,10,10,10"
llama-3.2-1b,metadata_free_prompt_final,gender,lemma-heldout,5,0.8023041714816577,0.031015814301197042,0.7880962319851023,0.04090250623783603,0.6260711938911926,0.17623297759046513,6.6,"0,0,10,10,13"
llama-3.2-1b,metadata_free_prompt_final,gender,random,5,0.9244508644325109,0.007133446560443043,0.9198096694577999,0.007394403036447328,0.6260906804432058,0.29836018398930503,9.0,"3,4,12,13,13"
llama-3.2-1b,metadata_free_prompt_final,gender,root-heldout,5,0.7595216731244194,0.03513384859108988,0.744598695440039,0.03200755366612075,0.6260895475041353,0.13343212562028411,6.8,"1,3,7,10,13"
llama-3.2-1b,metadata_free_prompt_final,number,lemma-heldout,5,0.8727410327872567,0.04597163339265299,0.6523074514660839,0.10572077713805757,0.8414610382253642,0.031279994561892475,11.2,"10,10,11,12,13"
llama-3.2-1b,metadata_free_prompt_final,number,random,5,0.9633967779212833,0.007169653768091636,0.833260988101897,0.03132684372122548,0.8414556001178257,0.12194117780345774,10.4,"9,9,10,10,14"
llama-3.2-1b,metadata_free_prompt_final,number,root-heldout,5,0.880392450094034,0.036912495791455495,0.6159221284482488,0.04790045758843406,0.8414483493077742,0.03894410078625969,8.4,"5,5,10,11,11"
llama-3.2-1b,metadata_free_prompt_final,pos,lemma-heldout,5,0.7247278811585682,0.03204687920522082,0.6913177918449029,0.03303036784368744,0.6290024193366042,0.09572546182196395,9.0,"5,7,10,11,12"
llama-3.2-1b,metadata_free_prompt_final,pos,random,5,0.9144927306848757,0.017458383658468444,0.8982889363033493,0.020832821216959153,0.6290150812851877,0.28547764939968795,9.0,"7,8,9,10,11"
llama-3.2-1b,metadata_free_prompt_final,pos,root-heldout,5,0.7162328441902006,0.03575121590753416,0.6676960549967728,0.04603686317631157,0.6290290998711194,0.08720374431908111,8.6,"5,8,9,10,11"
llama-3.2-1b,target_final_subtoken,gender,lemma-heldout,5,0.7197380644868919,0.03351923878566857,0.7031796808648079,0.04424740542306251,0.6260711938911925,0.09366687059569934,7.6,"1,3,10,11,13"
llama-3.2-1b,target_final_subtoken,gender,random,5,0.9044497314934402,0.011351494957224189,0.8990923763505076,0.011742965434874256,0.6260906804432058,0.2783590510502345,8.6,"4,5,8,12,14"
llama-3.2-1b,target_final_subtoken,gender,root-heldout,5,0.6899249994335304,0.03234888473271496,0.6716252897193853,0.030753796091852283,0.6260895475041353,0.06383545192939521,5.6,"1,1,6,10,10"
llama-3.2-1b,target_final_subtoken,number,lemma-heldout,5,0.8259157546507149,0.01726701341985207,0.5762042205742459,0.06433544044091856,0.8414610382253642,-0.015545283574649349,7.6,"6,6,6,9,11"
llama-3.2-1b,target_final_subtoken,number,random,5,0.9502032492692543,0.004102914628732198,0.8148421763938474,0.01925832204005916,0.8414556001178257,0.10874764915142868,10.4,"7,10,10,11,14"
llama-3.2-1b,target_final_subtoken,number,root-heldout,5,0.8252756440758617,0.016564360241105174,0.6118262830667638,0.04358257755082765,0.8414483493077742,-0.01617270523191263,8.4,"5,6,8,10,13"
llama-3.2-1b,target_final_subtoken,pos,lemma-heldout,5,0.6704838673208673,0.057579171416369666,0.6242119893855353,0.05286496455197644,0.6290024193366043,0.04148144798426303,7.8,"3,5,7,10,14"
llama-3.2-1b,target_final_subtoken,pos,random,5,0.8881115608112692,0.009513732210470948,0.8661243919935563,0.012182379609896682,0.6290150812851877,0.25909647952608134,10.2,"5,10,11,12,13"
llama-3.2-1b,target_final_subtoken,pos,root-heldout,5,0.680486354489339,0.021963475208527986,0.6352514174390832,0.029233009324826864,0.6290290998711194,0.051457254618219615,11.0,"8,9,10,13,15"
llama-3.2-1b,target_mean_span,gender,lemma-heldout,5,0.7354693766569234,0.021495556638049817,0.7195139753346411,0.014381049221395631,0.6260711938911925,0.10939818276573084,8.6,"1,8,10,12,12"
llama-3.2-1b,target_mean_span,gender,random,5,0.9165776176557225,0.007751785922577047,0.9115039834801075,0.008400073891431811,0.6260906804432058,0.29048693721251667,12.2,"11,12,12,13,13"
llama-3.2-1b,target_mean_span,gender,root-heldout,5,0.7039797883669816,0.020596369068400858,0.6906304596946088,0.030748956844892598,0.6260895475041353,0.07789024086284642,9.4,"1,8,10,14,14"
llama-3.2-1b,target_mean_span,number,lemma-heldout,5,0.8110284820882333,0.012092568527483144,0.5464592492616205,0.027599808888840022,0.8414610382253642,-0.030432556137130938,9.6,"7,8,10,10,13"
llama-3.2-1b,target_mean_span,number,random,5,0.9465862279926587,0.005866865590426877,0.8327254824195871,0.029244827449603876,0.8414556001178257,0.10513062787483289,9.4,"8,9,9,10,11"
llama-3.2-1b,target_mean_span,number,root-heldout,5,0.79102168445381,0.03344255583693726,0.5640205684451238,0.06977832864068997,0.8414483493077742,-0.05042666485396421,6.2,"3,6,6,8,8"
llama-3.2-1b,target_mean_span,pos,lemma-heldout,5,0.6432557035295182,0.06008952613765252,0.5966787949924466,0.05273082086436349,0.6290024193366043,0.014253284192913851,10.4,"3,9,10,15,15"
llama-3.2-1b,target_mean_span,pos,random,5,0.8964067198769982,0.0055790522947682586,0.875131672269027,0.00690861683831201,0.6290150812851877,0.26739163859181037,8.6,"7,7,9,10,10"
llama-3.2-1b,target_mean_span,pos,root-heldout,5,0.6464564632464331,0.03195177660189996,0.5954837235819215,0.043914679493586246,0.6290290998711195,0.017427363375313698,9.6,"4,6,11,13,14"
llama-3.2-3b,full_prompt_final,gender,lemma-heldout,5,0.9233865814696486,0.02802945132387947,0.917104686465613,0.03031681950922269,0.6260711938911925,0.29731538757845605,5.2,"0,1,3,5,17"
llama-3.2-3b,full_prompt_final,gender,random,5,0.9757396959191535,0.0055229664214644794,0.9741487927928922,0.005847313581987229,0.6260906804432058,0.3496490154759477,5.6,"0,0,1,3,24"
llama-3.2-3b,full_prompt_final,gender,root-heldout,5,0.8929612761425691,0.01552852541671917,0.883969008943831,0.015903342392701896,0.6260895475041353,0.2668717286384338,10.4,"0,3,12,17,20"
llama-3.2-3b,full_prompt_final,number,lemma-heldout,5,0.948281784605624,0.013051695862071553,0.8825250940271532,0.07025220732029723,0.8414610382253642,0.1068207463802597,15.8,"11,15,16,17,20"
llama-3.2-3b,full_prompt_final,number,random,5,0.9816998617814334,0.005437965230126147,0.9349036387509534,0.03833175721449408,0.8414556001178257,0.14024426166360776,16.4,"13,14,15,20,20"
llama-3.2-3b,full_prompt_final,number,root-heldout,5,0.9389228015317336,0.034939656392170594,0.8438297651683607,0.07933702206181625,0.8414483493077742,0.09747445222395937,16.8,"16,16,16,17,19"
llama-3.2-3b,full_prompt_final,pos,lemma-heldout,5,0.84237094987225,0.015711609356702513,0.8187937384304032,0.028607822077449874,0.6290024193366042,0.21336853053564564,15.6,"10,12,17,19,20"
llama-3.2-3b,full_prompt_final,pos,random,5,0.9544796165238429,0.009050853615323451,0.9473522621053704,0.010282546811747225,0.6290150812851877,0.3254645352386551,16.0,"11,16,16,18,19"
llama-3.2-3b,full_prompt_final,pos,root-heldout,5,0.8583356320799511,0.018808006228548037,0.8366824910630626,0.018986980319188707,0.6290290998711194,0.22930653220883174,16.4,"12,16,16,19,19"
llama-3.2-3b,metadata_free_prompt_final,gender,lemma-heldout,5,0.8037783518002402,0.028946507689691946,0.7899028499572334,0.02764476153422668,0.6260711938911926,0.17770715790904762,17.0,"12,17,17,18,21"
llama-3.2-3b,metadata_free_prompt_final,gender,random,5,0.9470099472050393,0.0056055566338755825,0.9435471825162572,0.005815048209075162,0.6260906804432058,0.3209192667618335,16.2,"7,16,18,19,21"
llama-3.2-3b,metadata_free_prompt_final,gender,root-heldout,5,0.7929313665511069,0.012457713500185342,0.777393941037747,0.021097396254769175,0.6260895475041353,0.16684181904697165,16.6,"12,12,18,19,22"
llama-3.2-3b,metadata_free_prompt_final,number,lemma-heldout,5,0.9252951306278749,0.026079642774607843,0.7967930207444353,0.07945571464885261,0.8414610382253642,0.08383409240251061,14.0,"8,10,16,17,19"
llama-3.2-3b,metadata_free_prompt_final,number,random,5,0.9804221330976819,0.0035947870419394713,0.9159150548894399,0.03658207610024052,0.8414556001178257,0.13896653297985637,18.0,"17,17,17,19,20"
llama-3.2-3b,metadata_free_prompt_final,number,root-heldout,5,0.9327489633607504,0.009570804117856576,0.8142882810034481,0.08229439908134158,0.8414483493077742,0.09130061405297618,17.2,"13,16,19,19,19"
llama-3.2-3b,metadata_free_prompt_final,pos,lemma-heldout,5,0.7804732403283062,0.010650815096788994,0.745508480586923,0.012224758198271707,0.6290024193366043,0.15147082099170192,16.6,"10,16,17,18,22"
llama-3.2-3b,metadata_free_prompt_final,pos,random,5,0.931082144391435,0.014257041652824277,0.9179269798865693,0.01646115929780432,0.6290150812851878,0.3020670631062473,18.4,"10,18,19,21,24"
llama-3.2-3b,metadata_free_prompt_final,pos,root-heldout,5,0.7817496099667623,0.03436251708753558,0.7422205976452193,0.0385352694650616,0.6290290998711194,0.15272051009564291,15.8,"8,13,17,19,22"
llama-3.2-3b,target_final_subtoken,gender,lemma-heldout,5,0.8386882831441325,0.02661847653636989,0.8277872898635991,0.027798286492519485,0.6260711938911926,0.21261708925293998,18.4,"8,16,17,25,26"
llama-3.2-3b,target_final_subtoken,gender,random,5,0.9467969546597784,0.004615378326375659,0.9436213513541837,0.004742469015875287,0.6260906804432058,0.3207062742165726,11.2,"3,5,10,16,22"
llama-3.2-3b,target_final_subtoken,gender,root-heldout,5,0.8427342351528335,0.009425458728990314,0.8280557035753275,0.015108839530596711,0.6260895475041353,0.2166446876486982,12.8,"3,4,7,24,26"
llama-3.2-3b,target_final_subtoken,number,lemma-heldout,5,0.9274295878367662,0.01966254387441961,0.7823511147866055,0.062176152252258005,0.8414610382253642,0.08596854961140195,10.2,"5,7,8,9,22"
llama-3.2-3b,target_final_subtoken,number,random,5,0.9840391543742777,0.002932784208052581,0.9320591328856821,0.02727750293528609,0.8414556001178257,0.1425835542564521,22.4,"13,19,26,27,27"
llama-3.2-3b,target_final_subtoken,number,root-heldout,5,0.9463716493326988,0.007138918858459565,0.8329566095384674,0.05535552756082485,0.8414483493077742,0.10492330002492464,8.6,"4,7,7,10,15"
llama-3.2-3b,target_final_subtoken,pos,lemma-heldout,5,0.7938750084789834,0.021457742929820587,0.7642687780665316,0.023692646472735984,0.6290024193366042,0.16487258914237912,8.8,"6,6,7,10,15"
llama-3.2-3b,target_final_subtoken,pos,random,5,0.9266169986659734,0.013976418221327246,0.9147946242089912,0.015408952351961562,0.6290150812851877,0.29760191738078545,14.2,"7,14,16,16,18"
llama-3.2-3b,target_final_subtoken,pos,root-heldout,5,0.8040828000994867,0.025528254237327547,0.7658801569122999,0.037400700959887345,0.6290290998711194,0.17505370022836728,7.2,"4,6,8,9,9"
llama-3.2-3b,target_mean_span,gender,lemma-heldout,5,0.8265574513402669,0.026093928163069508,0.8163283002404391,0.027820635252775255,0.6260711938911925,0.20048625744907436,19.8,"2,22,22,26,27"
llama-3.2-3b,target_mean_span,gender,random,5,0.9478589717444995,0.008063518412920141,0.9446679528315002,0.008486156665506403,0.6260906804432058,0.32176829130129375,20.8,"11,21,22,24,26"
llama-3.2-3b,target_mean_span,gender,root-heldout,5,0.8189062606213039,0.03646337972381059,0.8097087917297913,0.037256842207715586,0.6260895475041353,0.19281671311716855,23.0,"20,21,24,24,26"
llama-3.2-3b,target_mean_span,number,lemma-heldout,5,0.9250912015951782,0.006672831545470362,0.7540134637881923,0.04775513114672436,0.8414610382253642,0.08363016336981399,18.2,"9,12,22,23,25"
llama-3.2-3b,target_mean_span,number,random,5,0.9740373416717649,0.006577392043637802,0.8998101260566289,0.04407841821547222,0.8414556001178257,0.13258174155393926,20.8,"8,21,23,25,27"
llama-3.2-3b,target_mean_span,number,root-heldout,5,0.9287043708789341,0.012342699126318744,0.7746845784248841,0.016417590541123198,0.8414483493077741,0.08725602157115989,9.4,"7,7,8,12,13"
llama-3.2-3b,target_mean_span,pos,lemma-heldout,5,0.7806932416849436,0.03373480304361056,0.7534175994323862,0.03875722323947527,0.6290024193366042,0.15169082234833928,14.4,"5,7,8,26,26"
llama-3.2-3b,target_mean_span,pos,random,5,0.924064937707735,0.015960293476257072,0.9109980711949468,0.019729222343916615,0.6290150812851877,0.29504985642254733,16.6,"7,8,20,22,26"
llama-3.2-3b,target_mean_span,pos,root-heldout,5,0.7721744635629819,0.03880283648346952,0.7353110441735995,0.049365895522619226,0.6290290998711194,0.14314536369186243,16.8,"8,11,14,25,26"
mistral-7b,full_prompt_final,gender,lemma-heldout,5,0.9785056533659621,0.00518740649070826,0.9768539582830368,0.005368103268859834,0.6260711938911925,0.3524344594747694,1.0,"1,1,1,1,1"
mistral-7b,full_prompt_final,gender,random,5,0.9902105000793057,0.0012421897361968698,0.9895543368886088,0.0013327892005662314,0.6260906804432058,0.3641198196360999,10.4,"1,2,4,15,30"
mistral-7b,full_prompt_final,gender,root-heldout,5,0.9521215417034872,0.015971380566742806,0.9480003217024763,0.01662445567743616,0.6260895475041353,0.32603199419935197,18.0,"13,15,16,16,30"
mistral-7b,full_prompt_final,number,lemma-heldout,5,0.9691423651236036,0.007932501049208354,0.9005918782972191,0.055043045081931585,0.8414610382253642,0.12768132689823944,23.6,"9,25,27,28,29"
mistral-7b,full_prompt_final,number,random,5,0.9897851947522263,0.00478578162116544,0.9522237119082921,0.027359411473864656,0.8414556001178257,0.1483295946344006,8.0,"2,3,9,11,15"
mistral-7b,full_prompt_final,number,root-heldout,5,0.9738261618290169,0.010583979994925746,0.8866904185226122,0.042895137199694275,0.8414483493077742,0.13237781252124256,20.4,"13,16,22,25,26"
mistral-7b,full_prompt_final,pos,lemma-heldout,5,0.8621547923214326,0.022374146126400943,0.8379527342800557,0.026752074114345735,0.6290024193366043,0.23315237298482824,14.2,"6,8,14,14,29"
mistral-7b,full_prompt_final,pos,random,5,0.9623476609311055,0.008713437073171442,0.956796304567483,0.010243221775394145,0.6290150812851877,0.33333257964591767,13.4,"7,11,11,12,26"
mistral-7b,full_prompt_final,pos,root-heldout,5,0.8472842381350759,0.047700050228747015,0.8285810153604446,0.025210613456415416,0.6290290998711194,0.21825513826395637,16.0,"4,5,13,28,30"
mistral-7b,metadata_free_prompt_final,gender,lemma-heldout,5,0.8772082115423834,0.022791156541944645,0.8684176957633382,0.02526347910418017,0.6260711938911926,0.2511370176511907,15.2,"0,1,21,25,29"
mistral-7b,metadata_free_prompt_final,gender,random,5,0.9642471619876283,0.005657038334362712,0.9618983769323911,0.005954526346288259,0.6260906804432058,0.3381564815444225,25.0,"21,23,25,26,30"
mistral-7b,metadata_free_prompt_final,gender,root-heldout,5,0.8708243264677226,0.019409329470143323,0.8587484808636919,0.030417724361664494,0.6260895475041353,0.24473477896358733,11.0,"1,1,7,22,24"
mistral-7b,metadata_free_prompt_final,number,lemma-heldout,5,0.9474345727686764,0.006050409172798564,0.7550094169784876,0.053985532136736916,0.8414610382253642,0.10597353454331226,23.4,"19,20,24,25,29"
mistral-7b,metadata_free_prompt_final,number,random,5,0.9802095937280493,0.003048684887971883,0.8993519815504989,0.03716411680674777,0.8414556001178257,0.13875399361022367,22.6,"14,18,21,30,30"
mistral-7b,metadata_free_prompt_final,number,root-heldout,5,0.9285002152584234,0.01728993312206244,0.7619505223198775,0.06698188070507435,0.8414483493077742,0.08705186595064913,24.2,"13,19,28,30,31"
mistral-7b,metadata_free_prompt_final,pos,lemma-heldout,5,0.8032362583941935,0.029796976536031115,0.7697055141275301,0.03446138867645259,0.6290024193366043,0.17423383905758927,19.8,"17,18,18,22,24"
mistral-7b,metadata_free_prompt_final,pos,random,5,0.9319309471589753,0.005360440397394969,0.9211340960797193,0.005994319623016032,0.6290150812851877,0.3029158658737875,24.4,"19,20,23,30,30"
mistral-7b,metadata_free_prompt_final,pos,root-heldout,5,0.7947195152282542,0.02013997063663893,0.7585570724946982,0.03702364502532974,0.6290290998711195,0.16569041535713477,16.2,"12,13,16,17,23"
mistral-7b,target_final_subtoken,gender,lemma-heldout,5,0.8910386785398682,0.011858189594262861,0.8844136360217962,0.011917387855199057,0.6260711938911926,0.2649674846486756,17.8,"10,11,18,20,30"
mistral-7b,target_final_subtoken,gender,random,5,0.9640366619083226,0.004998158657418279,0.961724550654184,0.00528536677246321,0.6260906804432058,0.3379459814651168,16.2,"7,7,9,29,29"
mistral-7b,target_final_subtoken,gender,root-heldout,5,0.8708263657580495,0.026094562743031062,0.8621148910303885,0.025423450910230256,0.6260895475041353,0.2447368182539143,12.4,"5,7,14,15,21"
mistral-7b,target_final_subtoken,number,lemma-heldout,5,0.9425450343280538,0.015523321611366027,0.7923748279595069,0.09158787933965509,0.8414610382253642,0.10108399610268959,17.8,"12,13,13,21,30"
mistral-7b,target_final_subtoken,number,random,5,0.981912174563252,0.004408732823367191,0.9253016528316301,0.04305441611162077,0.8414556001178257,0.14045657444542636,18.0,"7,14,17,23,29"
mistral-7b,target_final_subtoken,number,root-heldout,5,0.9538193641945936,0.00615656338715948,0.8195691473499375,0.0845388605890237,0.8414483493077742,0.11237101488681936,18.8,"6,10,21,28,29"
mistral-7b,target_final_subtoken,pos,lemma-heldout,5,0.8285474936124991,0.02234650582002182,0.8022293276995839,0.02136457295211376,0.6290024193366043,0.19954507427589482,16.4,"6,6,12,28,30"
mistral-7b,target_final_subtoken,pos,random,5,0.9381009338187078,0.009408115697049687,0.9279328640118706,0.012476547387359614,0.6290150812851877,0.30908585253352017,22.4,"6,14,30,31,31"
mistral-7b,target_final_subtoken,pos,root-heldout,5,0.8176962036764872,0.031075705495031376,0.7817392368806397,0.038494758494130706,0.6290290998711194,0.18866710380536775,10.2,"5,6,10,13,17"
mistral-7b,target_mean_span,gender,lemma-heldout,5,0.9061477805723609,0.014105967460447552,0.8992631854950771,0.012818635616427198,0.6260711938911925,0.2800765866811682,21.8,"11,23,23,23,29"
mistral-7b,target_mean_span,gender,random,5,0.9685027077243786,0.004503498649326056,0.9664847802576111,0.004774148078023154,0.6260906804432058,0.3424120272811728,25.2,"21,25,26,27,27"
mistral-7b,target_mean_span,gender,root-heldout,5,0.8808247796433507,0.012323911311316828,0.870271400595513,0.018513437404916903,0.6260895475041353,0.25473523213921556,25.4,"15,26,26,30,30"
mistral-7b,target_mean_span,number,lemma-heldout,5,0.9506285545963337,0.007038828521491334,0.8131732285427397,0.05870422649992445,0.8414610382253642,0.10916751637096958,17.6,"13,16,18,19,22"
mistral-7b,target_mean_span,number,random,5,0.9789298257539709,0.00615349426545405,0.887099870131436,0.033595127703378413,0.8414556001178257,0.13747422563614534,16.6,"10,12,17,19,25"
mistral-7b,target_mean_span,number,root-heldout,5,0.9201898805882219,0.017230118017652268,0.7831863260199495,0.06797837095015934,0.8414483493077742,0.07874153128044767,21.0,"12,17,21,27,28"
mistral-7b,target_mean_span,pos,lemma-heldout,5,0.8117387568679766,0.024552068767832978,0.7879547909242011,0.02553485496347608,0.6290024193366043,0.18273633753137225,18.0,"10,15,16,18,31"
mistral-7b,target_mean_span,pos,random,5,0.9400158274357292,0.00757011959190659,0.9300808925887154,0.008613411041449194,0.6290150812851877,0.3110007461505415,14.8,"12,12,15,16,19"
mistral-7b,target_mean_span,pos,root-heldout,5,0.8149379338413187,0.014562193845915405,0.7798220170662,0.008596975254410971,0.6290290998711195,0.1859088339701992,14.4,"9,14,15,16,18"
phi-3-mini,full_prompt_final,gender,lemma-heldout,5,0.9551009448711849,0.016603041025484842,0.950697275999868,0.01912149722339798,0.6260711938911925,0.3290297509799923,6.4,"3,4,4,10,11"
phi-3-mini,full_prompt_final,gender,random,5,0.9868051118210863,0.001977880811155581,0.9859189436822847,0.002080738677792792,0.6260906804432058,0.3607144313778805,3.4,"1,3,3,4,6"
phi-3-mini,full_prompt_final,gender,root-heldout,5,0.9416892121541703,0.01654294684161187,0.9362542843453916,0.02150682593379468,0.6260895475041353,0.3155996646500351,5.2,"0,3,4,7,12"
phi-3-mini,full_prompt_final,number,lemma-heldout,5,0.9644606077085174,0.007202259231515744,0.8707354167274655,0.06326792673118047,0.8414610382253642,0.12299956948315323,17.8,"13,15,15,21,25"
phi-3-mini,full_prompt_final,number,random,5,0.9857421883851085,0.0031249764056455053,0.9415859639681432,0.027987068933668965,0.8414556001178257,0.144286588267283,13.8,"6,11,15,18,19"
phi-3-mini,full_prompt_final,number,root-heldout,5,0.957862143973897,0.009073406802334453,0.8684982513571289,0.06913096251104975,0.8414483493077742,0.11641379466612282,12.2,"8,10,13,15,15"
phi-3-mini,full_prompt_final,pos,lemma-heldout,5,0.8498211499762588,0.024912771326559613,0.8314759321966246,0.0295659942408034,0.6290024193366044,0.22081873063965451,19.8,"10,12,24,26,27"
phi-3-mini,full_prompt_final,pos,random,5,0.9555429940986275,0.007278529179204959,0.9493391677818985,0.008544118010226061,0.6290150812851877,0.3265279128134398,16.6,"0,12,19,25,27"
phi-3-mini,full_prompt_final,pos,root-heldout,5,0.8136726434078729,0.04014414113256807,0.7814125257452363,0.03042133207661296,0.6290290998711194,0.18464354353675355,20.4,"14,18,20,22,28"
phi-3-mini,metadata_free_prompt_final,gender,lemma-heldout,5,0.9042294881381279,0.01624450506058936,0.8968043821354106,0.015059649494069897,0.6260711938911926,0.2781582942469354,0.8,"0,0,1,1,2"
phi-3-mini,metadata_free_prompt_final,gender,random,5,0.9523334013096776,0.008588601543035578,0.9492369995130978,0.009184778842845754,0.6260906804432058,0.3262427208664718,10.8,"0,9,11,12,22"
phi-3-mini,metadata_free_prompt_final,gender,root-heldout,5,0.885282894885913,0.03035407605505041,0.8762215061726396,0.030024302029207244,0.6260895475041353,0.25919334738177785,3.0,"0,0,1,2,12"
phi-3-mini,metadata_free_prompt_final,number,lemma-heldout,5,0.9248757165839621,0.01371159875768499,0.7752239591039773,0.07777326928096817,0.8414610382253642,0.08341467835859788,24.6,"15,23,23,31,31"
phi-3-mini,metadata_free_prompt_final,number,random,5,0.9727616522783405,0.006743929666362071,0.8504123764157384,0.08636610221748765,0.8414556001178257,0.13130605216051483,24.4,"15,23,26,27,31"
phi-3-mini,metadata_free_prompt_final,number,root-heldout,5,0.9376491514286363,0.010509512118680472,0.6901394600988682,0.06493277429203263,0.8414483493077742,0.0962008021208619,27.0,"19,23,31,31,31"
phi-3-mini,metadata_free_prompt_final,pos,lemma-heldout,5,0.8072720283989419,0.029271905484260972,0.7748099362961616,0.029156790538172047,0.6290024193366043,0.17826960906233752,24.0,"21,22,22,26,29"
phi-3-mini,metadata_free_prompt_final,pos,random,5,0.9268243380740271,0.006429368544203358,0.9131092205762898,0.006421222025510476,0.6290150812851877,0.2978092567888394,21.0,"16,18,21,23,27"
phi-3-mini,metadata_free_prompt_final,pos,root-heldout,5,0.7732403283062383,0.030305359727274075,0.7292510187975779,0.04685478857345041,0.6290290998711195,0.14421122843511883,22.2,"15,22,23,24,27"
phi-3-mini,target_final_subtoken,gender,lemma-heldout,5,0.8848745836448915,0.0480315948943537,0.8768076466098915,0.05033205458988452,0.6260711938911925,0.25880338975369904,2.6,"0,0,0,1,12"
phi-3-mini,target_final_subtoken,gender,random,5,0.9497774907665466,0.006933967361520386,0.9468522547690522,0.0072953233331945035,0.6260906804432058,0.3236868103233408,16.4,"1,8,21,21,31"
phi-3-mini,target_final_subtoken,gender,root-heldout,5,0.8906215303740964,0.036177301155684884,0.8821075291498264,0.03966478657898805,0.6260895475041353,0.26453198286996127,11.6,"0,0,14,18,26"
phi-3-mini,target_final_subtoken,number,lemma-heldout,5,0.9429642217841524,0.010099341273015896,0.8052335020739226,0.07489696828199321,0.8414610382253642,0.10150318355878821,21.8,"15,16,17,30,31"
phi-3-mini,target_final_subtoken,number,random,5,0.9787195522624792,0.0053380862049481744,0.9106031232612775,0.022914003529518476,0.8414556001178257,0.1372639521446537,28.6,"25,29,29,29,31"
phi-3-mini,target_final_subtoken,number,root-heldout,5,0.9265855482292162,0.021883377037030454,0.7707078688964184,0.08444835174472444,0.8414483493077742,0.085137198921442,21.2,"12,16,18,29,31"
phi-3-mini,target_final_subtoken,pos,lemma-heldout,5,0.7557978158138693,0.03604657455484138,0.7300156747078869,0.04273882379069592,0.6290024193366043,0.12679539647726504,22.8,"19,20,21,24,30"
phi-3-mini,target_final_subtoken,pos,random,5,0.9198069052841025,0.007745702033136173,0.9038921553936691,0.009699263423389603,0.6290150812851877,0.29079182399891473,19.8,"16,17,18,20,28"
phi-3-mini,target_final_subtoken,pos,root-heldout,5,0.745582336581726,0.0409222649200551,0.7130206683311494,0.058409597993768526,0.6290290998711194,0.11655323671060665,22.2,"11,18,26,28,28"
phi-3-mini,target_mean_span,gender,lemma-heldout,5,0.9229542519203318,0.024755022995237252,0.9172643575879219,0.023750961317121552,0.6260711938911925,0.29688305802913917,0.0,"0,0,0,0,0"
phi-3-mini,target_mean_span,gender,random,5,0.9527573471098725,0.0056027242350073165,0.9494965604907195,0.006090152839057945,0.6260906804432058,0.32666666666666666,19.4,"0,21,22,24,30"
phi-3-mini,target_mean_span,gender,root-heldout,5,0.9129474542859084,0.0321246163444386,0.9051526953243295,0.03414392040512812,0.6260895475041353,0.28685790678177325,3.4,"0,0,0,0,17"
phi-3-mini,target_mean_span,number,lemma-heldout,5,0.9084956835021412,0.018173703204245197,0.71399616101949,0.07236645782307281,0.8414610382253642,0.06703464527677702,16.0,"11,11,15,16,27"
phi-3-mini,target_mean_span,number,random,5,0.9712709310493282,0.005901984819333654,0.8758202671699055,0.01890215293382126,0.8414556001178257,0.12981533093150252,20.8,"13,15,20,26,30"
phi-3-mini,target_mean_span,number,root-heldout,5,0.8797629891464437,0.02929163307429049,0.6825140349348743,0.051009711393400076,0.8414483493077742,0.03831463983866947,22.2,"11,22,25,26,27"
phi-3-mini,target_mean_span,pos,lemma-heldout,5,0.7360071901779456,0.028711698560469835,0.6978317151283685,0.022387115512220196,0.6290024193366043,0.10700477084134126,14.6,"0,16,18,18,21"
phi-3-mini,target_mean_span,pos,random,5,0.9221457480724444,0.005247378905024622,0.907248318790985,0.00507137233394999,0.6290150812851877,0.29313066678725663,26.0,"14,25,29,31,31"
phi-3-mini,target_mean_span,pos,root-heldout,5,0.7085730436158907,0.02898187723909135,0.672008996868269,0.03363019546000788,0.6290290998711195,0.07954394374477128,21.0,"14,18,21,25,27"
qwen2.5-1.5b,full_prompt_final,gender,lemma-heldout,5,0.9487136609793125,0.015477355546031593,0.943660373964858,0.019431987301492565,0.6260711938911926,0.32264246708812,4.6,"0,0,0,1,22"
qwen2.5-1.5b,full_prompt_final,gender,random,5,0.9831883171323046,0.0014070333347261709,0.9820410991839312,0.0014823345620190746,0.6260906804432057,0.3570976366890989,14.0,"0,4,21,22,23"
qwen2.5-1.5b,full_prompt_final,gender,root-heldout,5,0.9453080461332789,0.014839961856812384,0.9409148153954355,0.015342754922642365,0.6260895475041353,0.3192184986291437,12.2,"0,9,10,21,21"
qwen2.5-1.5b,full_prompt_final,number,lemma-heldout,5,0.9610545396868556,0.01336862677788415,0.8350986003367321,0.10237905831001444,0.8414610382253642,0.11959350146149143,21.4,"17,22,22,23,23"
qwen2.5-1.5b,full_prompt_final,number,random,5,0.9878689416083203,0.004290155810289619,0.9477433083726433,0.02378353185001599,0.8414556001178257,0.14641334149049465,15.6,"9,10,15,21,23"
qwen2.5-1.5b,full_prompt_final,number,root-heldout,5,0.9659529150522286,0.009951093408828418,0.8915482048889967,0.05871263018795487,0.8414483493077741,0.12450456574445423,20.2,"12,20,23,23,23"
qwen2.5-1.5b,full_prompt_final,pos,lemma-heldout,5,0.8912901621181633,0.03009786648019574,0.8769219104416196,0.028065977992258764,0.6290024193366043,0.2622877427815588,18.2,"10,18,20,21,22"
qwen2.5-1.5b,full_prompt_final,pos,random,5,0.9617123024396861,0.005489630603604295,0.956315264238864,0.006248289648532752,0.6290150812851878,0.3326972211544984,19.2,"13,19,20,22,22"
qwen2.5-1.5b,full_prompt_final,pos,root-heldout,5,0.8696063490627897,0.02047259553447729,0.8373993264825389,0.01349715150402713,0.6290290998711194,0.24057724919167023,21.8,"19,21,23,23,23"
qwen2.5-1.5b,metadata_free_prompt_final,gender,lemma-heldout,5,0.8310287086760473,0.024947056988224078,0.8208230573525503,0.02302642612056366,0.6260711938911926,0.20495751478485486,18.8,"9,20,21,21,23"
qwen2.5-1.5b,metadata_free_prompt_final,gender,random,5,0.9593521854394671,0.004285571627655104,0.9566309317711023,0.004603662644693349,0.6260906804432058,0.3332615049962613,21.8,"20,21,22,23,23"
qwen2.5-1.5b,metadata_free_prompt_final,gender,root-heldout,5,0.7925108195681236,0.021712791286448496,0.7783790177364726,0.022054938550597692,0.6260895475041353,0.1664212720639884,11.4,"1,5,8,18,25"
qwen2.5-1.5b,metadata_free_prompt_final,number,lemma-heldout,5,0.9636106768178008,0.01533119322828385,0.8765536353499008,0.07592451127345144,0.8414610382253642,0.12214963859243652,20.4,"17,19,22,22,22"
qwen2.5-1.5b,metadata_free_prompt_final,number,random,5,0.9863802596696349,0.005356880713193084,0.9531542510784803,0.03142983763974857,0.8414556001178257,0.1449246595518093,16.4,"13,14,15,20,20"
qwen2.5-1.5b,metadata_free_prompt_final,number,root-heldout,5,0.9608399610268961,0.014241621300003244,0.8745027587039766,0.05627214872913141,0.8414483493077742,0.11939161171912172,20.8,"20,20,20,22,22"
qwen2.5-1.5b,metadata_free_prompt_final,pos,lemma-heldout,5,0.8334440500146968,0.020195799290109624,0.8102332460413262,0.027613817232744427,0.6290024193366043,0.2044416306780926,16.6,"11,13,19,20,20"
qwen2.5-1.5b,metadata_free_prompt_final,pos,random,5,0.9480961855879892,0.008360123021147482,0.9399441357897546,0.009834823256679212,0.6290150812851877,0.3190811043028014,17.4,"15,15,17,19,21"
qwen2.5-1.5b,metadata_free_prompt_final,pos,root-heldout,5,0.844072625319375,0.027940716853036195,0.8083035175117083,0.03519804731244222,0.6290290998711194,0.21504352544825558,15.2,"10,12,16,17,21"
qwen2.5-1.5b,target_final_subtoken,gender,lemma-heldout,5,0.8376226406543857,0.022359843415873677,0.8281408400262638,0.0198432670882183,0.6260711938911926,0.21155144676319307,20.4,"17,17,18,25,25"
qwen2.5-1.5b,target_final_subtoken,gender,random,5,0.9550934674733191,0.009498513774085787,0.9522806500987941,0.009887520389981082,0.6260906804432058,0.32900278703011354,19.4,"16,18,19,19,25"
qwen2.5-1.5b,target_final_subtoken,gender,root-heldout,5,0.8114519747128,0.02894139956562907,0.8002259329273279,0.03680616157439672,0.6260895475041353,0.18536242720866472,19.8,"18,18,20,21,22"
qwen2.5-1.5b,target_final_subtoken,number,lemma-heldout,5,0.9533949652187704,0.024456782818659505,0.8679004661470163,0.09102640499892402,0.8414610382253642,0.11193392699340632,18.4,"14,17,17,18,26"
qwen2.5-1.5b,target_final_subtoken,number,random,5,0.9899977341218589,0.003127473951807018,0.9470642630577885,0.036446716017328906,0.8414556001178257,0.1485421340040333,19.8,"18,19,19,21,22"
qwen2.5-1.5b,target_final_subtoken,number,root-heldout,5,0.9555189993882129,0.02788227983929099,0.8848186296533541,0.032001375121395996,0.8414483493077742,0.11407065008043864,18.4,"17,18,18,19,20"
qwen2.5-1.5b,target_final_subtoken,pos,lemma-heldout,5,0.7866319216768037,0.03307477336557586,0.7560930488086358,0.037819305576771704,0.6290024193366043,0.15762950234019946,15.6,"13,15,16,16,18"
qwen2.5-1.5b,target_final_subtoken,pos,random,5,0.939802609265833,0.007515738258383843,0.9300474597744379,0.00981806448546476,0.6290150812851877,0.31078752798064535,18.6,"12,18,20,21,22"
qwen2.5-1.5b,target_final_subtoken,pos,root-heldout,5,0.7985531462681168,0.03206274736243446,0.7598860268607196,0.03581657225503185,0.6290290998711194,0.1695240463969973,17.0,"12,13,18,19,23"
qwen2.5-1.5b,target_mean_span,gender,lemma-heldout,5,0.822509233453425,0.018755251797417244,0.8108478726530931,0.016421907682332416,0.6260711938911925,0.19643803956223232,21.4,"18,19,20,23,27"
qwen2.5-1.5b,target_mean_span,gender,random,5,0.9536043323590058,0.007319301482496047,0.9507100851160498,0.0075160776268942955,0.6260906804432058,0.3275136519157999,20.8,"18,20,20,21,25"
qwen2.5-1.5b,target_mean_span,gender,root-heldout,5,0.799744862121315,0.027595481275825264,0.7862109699087664,0.02626975205587196,0.6260895475041353,0.17365531461717987,19.6,"17,19,19,19,24"
qwen2.5-1.5b,target_mean_span,number,lemma-heldout,5,0.9502012099789272,0.01864137367728861,0.8326851200951294,0.08783084970963438,0.8414610382253642,0.1087401717535631,18.6,"14,17,20,20,22"
qwen2.5-1.5b,target_mean_span,number,random,5,0.9874440894568689,0.004962631807601971,0.9307559898407145,0.04441502547340394,0.8414556001178257,0.14598848933904335,18.4,"14,16,19,21,22"
qwen2.5-1.5b,target_mean_span,number,root-heldout,5,0.9384990823193528,0.014320774636486986,0.8473019157657345,0.059131246147096986,0.8414483493077742,0.0970507330115786,19.4,"15,17,21,21,23"
qwen2.5-1.5b,target_mean_span,pos,lemma-heldout,5,0.7838716168856129,0.016981250397443626,0.7510201354890773,0.014698045435604806,0.6290024193366042,0.15486919754900857,15.4,"11,15,15,18,18"
qwen2.5-1.5b,target_mean_span,pos,random,5,0.9344857213919099,0.011403210166627813,0.9241775580283356,0.013046132131610062,0.6290150812851877,0.30547064010672215,13.6,"9,13,14,14,18"
qwen2.5-1.5b,target_mean_span,pos,root-heldout,5,0.7792095326384335,0.03348905295886429,0.7358449248739525,0.028471194519480932,0.6290290998711194,0.15018043276731408,16.6,"14,15,17,17,20"
qwen3-0.6b,full_prompt_final,gender,lemma-heldout,5,0.9353032877891827,0.0090791015812895,0.9301223064942391,0.010005424644211818,0.6260711938911925,0.3092320938979901,3.2,"0,0,1,5,10"
qwen3-0.6b,full_prompt_final,gender,random,5,0.9763757279133529,0.005286471405977286,0.9747647885295059,0.0056005803704724825,0.6260906804432058,0.35028504747014705,2.0,"0,2,2,3,3"
qwen3-0.6b,full_prompt_final,gender,root-heldout,5,0.9014705549135567,0.04509310604955723,0.8952404436253556,0.04438664503745294,0.6260895475041353,0.2753810074094215,4.6,"1,2,5,6,9"
qwen3-0.6b,full_prompt_final,number,lemma-heldout,5,0.9419024312872455,0.00943455217714305,0.7887809530149519,0.09161503936569315,0.8414610382253642,0.10044139306188113,12.6,"8,12,12,12,19"
qwen3-0.6b,full_prompt_final,number,random,5,0.9793571703713774,0.0027423675734037363,0.8997611261625889,0.032947126358758495,0.8414556001178257,0.1379015702535518,12.6,"6,7,8,19,23"
qwen3-0.6b,full_prompt_final,number,root-heldout,5,0.9478596515079418,0.013174644152930421,0.808574471149584,0.03991946167170209,0.8414483493077742,0.10641130220016766,16.4,"9,12,19,20,22"
qwen3-0.6b,full_prompt_final,pos,lemma-heldout,5,0.875983901236801,0.02344828015453969,0.8565231669309181,0.02422700160441219,0.6290024193366043,0.2469814819001967,11.8,"6,10,11,13,19"
qwen3-0.6b,full_prompt_final,pos,random,5,0.9563938318221901,0.008763374279593469,0.9497065339293581,0.009970806751583667,0.6290150812851877,0.32737875053700227,7.6,"6,8,8,8,8"
qwen3-0.6b,full_prompt_final,pos,root-heldout,5,0.8604739186469803,0.04800968716783242,0.8294750526211697,0.046554221860579025,0.6290290998711194,0.23144481877586087,12.6,"8,9,10,13,23"
qwen3-0.6b,metadata_free_prompt_final,gender,lemma-heldout,5,0.8242109079373711,0.02849671297526088,0.8131439029380635,0.02476601310915958,0.6260711938911926,0.1981397140461786,18.0,"8,19,19,21,23"
qwen3-0.6b,metadata_free_prompt_final,gender,random,5,0.9346647633290284,0.0053118317963579504,0.9301049802411357,0.005699361732936735,0.6260906804432058,0.30857408288582244,8.2,"1,1,7,11,21"
qwen3-0.6b,metadata_free_prompt_final,gender,root-heldout,5,0.809120159517821,0.03637937149657272,0.7971906789321291,0.034121351448932254,0.6260895475041353,0.1830306120136859,10.4,"1,1,4,23,23"
qwen3-0.6b,metadata_free_prompt_final,number,lemma-heldout,5,0.9265819228241904,0.00825361866265148,0.742182235189192,0.09908091832686428,0.8414610382253643,0.0851208845988263,15.6,"12,15,16,17,18"
qwen3-0.6b,metadata_free_prompt_final,number,random,5,0.9668012598282465,0.0037718866410433715,0.8155447172432837,0.06731642728849335,0.8414556001178257,0.1253456597104208,14.4,"8,11,13,19,21"
qwen3-0.6b,metadata_free_prompt_final,number,root-heldout,5,0.9261572972605533,0.01741367843380751,0.7381562736680729,0.04876053027418827,0.8414483493077742,0.08470894795277908,13.6,"10,11,12,17,18"
qwen3-0.6b,metadata_free_prompt_final,pos,lemma-heldout,5,0.8198170800642142,0.02734563411487045,0.7855483100889077,0.024143942991238718,0.6290024193366043,0.19081466072760983,16.8,"8,13,20,20,23"
qwen3-0.6b,metadata_free_prompt_final,pos,random,5,0.9321471047097927,0.013035703931828907,0.919831411802084,0.01650772532305104,0.6290150812851878,0.30313202342460493,15.0,"8,14,14,19,20"
qwen3-0.6b,metadata_free_prompt_final,pos,root-heldout,5,0.8462111379926289,0.025828186281919314,0.8134982180331756,0.027894811705993686,0.6290290998711194,0.2171820381215095,18.2,"13,17,19,21,21"
qwen3-0.6b,target_final_subtoken,gender,lemma-heldout,5,0.840170847211837,0.01954984293422783,0.8286359485123347,0.014937459545845659,0.6260711938911925,0.21409965332064443,22.0,"18,21,21,24,26"
qwen3-0.6b,target_final_subtoken,gender,random,5,0.9521174631228332,0.005904050932170343,0.9489821864822361,0.006311105781635035,0.6260906804432058,0.3260267826796275,22.8,"17,20,25,25,27"
qwen3-0.6b,target_final_subtoken,gender,root-heldout,5,0.8406049894636667,0.02261704594024832,0.8302948870247524,0.025566779585658596,0.6260895475041353,0.21451544195953137,17.8,"10,15,19,22,23"
qwen3-0.6b,target_final_subtoken,number,lemma-heldout,5,0.9457365236897559,0.011206637835850658,0.7990663428107452,0.09550245792146693,0.8414610382253642,0.10427548546439172,15.6,"9,14,16,19,20"
qwen3-0.6b,target_final_subtoken,number,random,5,0.9736113565812431,0.004115006288476689,0.8664228526855495,0.05366683519745081,0.8414556001178257,0.13215575646341743,19.4,"10,13,23,24,27"
qwen3-0.6b,target_final_subtoken,number,root-heldout,5,0.9414821108920762,0.01702415736233239,0.8056041509278001,0.07985418075026807,0.8414483493077742,0.10003376158430197,11.4,"7,10,11,11,18"
qwen3-0.6b,target_final_subtoken,pos,lemma-heldout,5,0.8506670133628781,0.019735872342508252,0.8213297039240933,0.022775383618441898,0.6290024193366043,0.2216645940262736,16.6,"12,16,16,18,21"
qwen3-0.6b,target_final_subtoken,pos,random,5,0.941717050670405,0.010106190825809769,0.9325641452278856,0.0126485920178738,0.6290150812851877,0.3127019693852172,20.2,"12,19,21,24,25"
qwen3-0.6b,target_final_subtoken,pos,root-heldout,5,0.8262048070183372,0.012912308999462255,0.7858295776527123,0.027635352693437792,0.6290290998711194,0.19717570714721772,16.0,"9,13,16,19,23"
qwen3-0.6b,target_mean_span,gender,lemma-heldout,5,0.839738291074706,0.04100737633816964,0.8299359425815052,0.03807111081150559,0.6260711938911925,0.21366709718351345,18.8,"13,18,19,20,24"
qwen3-0.6b,target_mean_span,gender,random,5,0.948286089774092,0.005202530641916653,0.9447583376274264,0.005506927093376759,0.6260906804432058,0.32219540933088614,22.2,"16,20,25,25,25"
qwen3-0.6b,target_mean_span,gender,root-heldout,5,0.8267752022296241,0.037773815908032124,0.8168214387383654,0.03384014592101434,0.6260895475041353,0.20068565472548885,22.0,"19,20,21,24,26"
qwen3-0.6b,target_mean_span,number,lemma-heldout,5,0.9378650896154805,0.014172525273493877,0.7665218811407821,0.07774492491989525,0.8414610382253642,0.09640405139011625,16.0,"14,14,17,17,18"
qwen3-0.6b,target_mean_span,number,random,5,0.9731862778419776,0.006430544503586906,0.8322439256084533,0.04982745856733804,0.8414556001178257,0.13173067772415203,17.2,"13,13,19,20,21"
qwen3-0.6b,target_mean_span,number,root-heldout,5,0.9238177780798947,0.01413815673320862,0.7015848975277061,0.07247239765255115,0.8414483493077742,0.08236942877212058,15.6,"12,13,13,20,20"
qwen3-0.6b,target_mean_span,pos,lemma-heldout,5,0.8427980645307166,0.020344301551700965,0.8116251318040757,0.02407695211836022,0.6290024193366043,0.21379564519411223,16.2,"13,14,17,18,19"
qwen3-0.6b,target_mean_span,pos,random,5,0.9412892576932643,0.008960296906066667,0.9308594290382098,0.011018974132561752,0.6290150812851877,0.31227417640807653,16.8,"14,16,16,18,20"
qwen3-0.6b,target_mean_span,pos,root-heldout,5,0.820682162479933,0.018171015535193524,0.781774299894658,0.020672772669038227,0.6290290998711194,0.1916530626088136,16.6,"13,15,17,19,19"
qwen3-8b,full_prompt_final,gender,lemma-heldout,5,0.946369836630186,0.007279922148612095,0.9415276539455931,0.007866890662150223,0.6260711938911925,0.3202986427389935,14.0,"6,12,16,18,18"
qwen3-8b,full_prompt_final,gender,random,5,0.9844633267622868,0.004600043844817343,0.9834261462817322,0.004882108927591117,0.6260906804432058,0.35837264631908095,14.6,"0,13,18,19,23"
qwen3-8b,full_prompt_final,gender,root-heldout,5,0.9204146556998165,0.05266991549947901,0.9163127532012998,0.052848408553774866,0.6260895475041353,0.2943251081956813,15.8,"5,13,16,16,29"
qwen3-8b,full_prompt_final,number,lemma-heldout,5,0.9799952416559037,0.0050101482048451875,0.8863727828612656,0.07339100468581328,0.8414610382253642,0.13853420343053952,19.4,"17,17,17,20,26"
qwen3-8b,full_prompt_final,number,random,5,0.9934031223800783,0.0025526259626431434,0.9665705912195651,0.02597758403043263,0.8414556001178257,0.15194752226225278,15.2,"8,12,17,17,22"
qwen3-8b,full_prompt_final,number,root-heldout,5,0.9851025309858837,0.0049007553951723685,0.9405245180353402,0.0437263211491994,0.8414483493077742,0.14365418167810934,16.4,"11,13,17,18,23"
qwen3-8b,full_prompt_final,pos,lemma-heldout,5,0.8812992063671512,0.014891143388136187,0.8649956584836109,0.009859961720013896,0.6290024193366042,0.2522967870305469,20.2,"17,17,18,23,26"
qwen3-8b,full_prompt_final,pos,random,5,0.9636260655255839,0.006800333405388565,0.9582384726017835,0.007909825459268723,0.6290150812851878,0.3346109842403961,25.4,"22,24,26,26,29"
qwen3-8b,full_prompt_final,pos,root-heldout,5,0.8536651819024579,0.057385914660851925,0.8331653978976572,0.049108059068013694,0.6290290998711194,0.22463608203133836,19.2,"15,15,16,20,30"
qwen3-8b,metadata_free_prompt_final,gender,lemma-heldout,5,0.8716756168853239,0.02780776706934863,0.8627497607683315,0.029963572950720947,0.6260711938911926,0.24560442299413135,21.2,"13,20,23,24,26"
qwen3-8b,metadata_free_prompt_final,gender,random,5,0.9599911630752498,0.007173048147611407,0.9573369748883044,0.00754786806591844,0.6260906804432058,0.3339004826320441,25.2,"14,24,25,29,34"
qwen3-8b,metadata_free_prompt_final,gender,root-heldout,5,0.8669863820723721,0.020952498416715808,0.856780221675387,0.02162674623101815,0.6260895475041353,0.24089683456823696,17.0,"11,15,16,19,24"
qwen3-8b,metadata_free_prompt_final,number,lemma-heldout,5,0.9706319534135455,0.01295275188762879,0.8679343043735276,0.09902366892423196,0.8414610382253642,0.1291709151881812,17.6,"14,15,18,18,23"
qwen3-8b,metadata_free_prompt_final,number,random,5,0.9908492511272744,0.002740877887622512,0.959786990376851,0.01860159658959865,0.8414556001178257,0.14939365100944874,20.8,"15,15,18,28,28"
qwen3-8b,metadata_free_prompt_final,number,root-heldout,5,0.9693553576688645,0.0032530586298930493,0.9011455781425196,0.05641055889826507,0.8414483493077742,0.1279070083610903,19.0,"13,14,20,20,28"
qwen3-8b,metadata_free_prompt_final,pos,lemma-heldout,5,0.8700228367286951,0.027476316479821104,0.848801148069646,0.03349175277517251,0.6290024193366043,0.24102041739209082,22.0,"17,22,23,23,25"
qwen3-8b,metadata_free_prompt_final,pos,random,5,0.9512883532683654,0.008485564320077289,0.9433931916404669,0.009598487750723982,0.6290150812851878,0.3222732719831777,25.4,"17,23,28,29,30"
qwen3-8b,metadata_free_prompt_final,pos,root-heldout,5,0.8636541026974474,0.019548697535435554,0.834090017584928,0.01353461417551574,0.6290290998711194,0.23462500282632784,22.0,"13,21,24,25,27"
qwen3-8b,target_final_subtoken,gender,lemma-heldout,5,0.9165739922506969,0.023523906354687905,0.9105410753428582,0.02469260767372605,0.6260711938911925,0.2905027983595042,17.8,"12,12,15,23,27"
qwen3-8b,target_final_subtoken,gender,random,5,0.9723358937756327,0.0057040480227771514,0.9705379572916206,0.005985770866589285,0.6260906804432058,0.34624521333242697,23.8,"11,15,29,31,33"
qwen3-8b,target_final_subtoken,gender,root-heldout,5,0.9170058686243854,0.024438260482314643,0.9106094873971937,0.022937495375727302,0.6260895475041353,0.2909163211202501,29.8,"23,26,32,33,35"
qwen3-8b,target_final_subtoken,number,lemma-heldout,5,0.9848906713796932,0.004168446393697104,0.9478390818589398,0.040116536835986545,0.8414610382253642,0.14342963315432897,12.6,"9,9,13,14,18"
qwen3-8b,target_final_subtoken,number,random,5,0.9927643713321098,0.0004263360365455787,0.9664448986618378,0.024701759841326963,0.8414556001178257,0.15130877121428415,14.6,"6,8,9,16,34"
qwen3-8b,target_final_subtoken,number,root-heldout,5,0.9855264767860785,0.006757323408609666,0.9409595032979332,0.03564312788061842,0.8414483493077742,0.1440781274783042,19.0,"11,13,15,23,33"
qwen3-8b,target_final_subtoken,pos,lemma-heldout,5,0.8649180364935447,0.022123423570340934,0.8470373965125487,0.02288980756842431,0.6290024193366042,0.23591561715694037,20.4,"12,16,16,23,35"
qwen3-8b,target_final_subtoken,pos,random,5,0.9529888981843669,0.0024595098261258517,0.9463424831628366,0.002935443352425428,0.6290150812851877,0.3239738168991792,20.6,"8,19,20,22,34"
qwen3-8b,target_final_subtoken,pos,root-heldout,5,0.8623777330589911,0.035649379051898494,0.8396138162682479,0.017876727233928077,0.6290290998711194,0.23334863318787163,18.8,"12,13,15,21,33"
qwen3-8b,target_mean_span,gender,lemma-heldout,5,0.9006131466249745,0.015264175901759559,0.8937593187132414,0.013770839606284217,0.6260711938911925,0.27454195273378196,24.2,"13,20,24,31,33"
qwen3-8b,target_mean_span,gender,random,5,0.9748890852649943,0.003399165353509521,0.9731655373645678,0.003629284740918305,0.6260906804432058,0.34879840482178864,23.6,"17,17,25,29,30"
qwen3-8b,target_mean_span,gender,root-heldout,5,0.92721795481839,0.012107091162222156,0.921661636137579,0.01236389937098423,0.6260895475041353,0.3011284073142546,31.4,"25,32,33,33,34"
qwen3-8b,target_mean_span,number,lemma-heldout,5,0.9814843767702174,0.006006937056561376,0.9032040902551974,0.05968065691046051,0.8414610382253642,0.14002333854485308,23.6,"19,20,21,26,32"
qwen3-8b,target_mean_span,number,random,5,0.992978043640813,0.003597475504712677,0.9662570752520361,0.02831297836952506,0.8414556001178257,0.15152244352298733,20.6,"16,21,22,22,22"
qwen3-8b,target_mean_span,number,root-heldout,5,0.9823368001268891,0.007043481731367485,0.8990727105383479,0.0659987796522698,0.8414483493077741,0.1408884508191149,19.2,"14,15,18,21,28"
qwen3-8b,target_mean_span,pos,lemma-heldout,5,0.8438587288308048,0.03127706383109772,0.8214626543599648,0.0380685643891499,0.6290024193366042,0.21485630949420037,20.0,"14,15,21,21,29"
qwen3-8b,target_mean_span,pos,random,5,0.9510744567797952,0.007150678960906006,0.943756283502583,0.00756659405250657,0.6290150812851877,0.3220593754946074,17.0,"7,9,20,22,27"
qwen3-8b,target_mean_span,pos,root-heldout,5,0.8683270400434123,0.02072360804881748,0.8409511265172928,0.03598933233429049,0.6290290998711195,0.239297940172293,19.8,"9,18,19,20,33"
