model,task,split,metric,prompt_value,target_value,delta,ci_lower,ci_upper,bootstrap_se,proportion_delta_gt_zero,n_test,n_bootstrap,n_clusters,duplicate_rows,max_cluster_size,sampling_unit,point_estimand,bootstrap_seed,cell_bootstrap_seed
llama-3.2-1b,gender,lemma-heldout,accuracy,0.8841657810839533,0.7662061636556854,-0.11795961742826788,-0.21949258199240484,-0.002937866631316872,0.05506977610848739,0.0215,941,10000,458,483,37,exact rendered prompt cluster,occurrence-weighted test performance,449435368,449435368
llama-3.2-1b,gender,lemma-heldout,macro_f1,0.8779720583388952,0.7514885239604341,-0.12648353437846116,-0.22935533726391202,-0.013683379909935487,0.05477277256839621,0.0141,941,10000,458,483,37,exact rendered prompt cluster,occurrence-weighted test performance,449435368,449435368
llama-3.2-1b,gender,root-heldout,accuracy,0.8108395324123273,0.7502656748140276,-0.060573857598299696,-0.12696673800606384,0.007092198581560294,0.034103294738129925,0.0385,941,10000,469,472,16,exact rendered prompt cluster,occurrence-weighted test performance,1931082307,1931082307
llama-3.2-1b,gender,root-heldout,macro_f1,0.793455099685308,0.7292789136633135,-0.06417618602199449,-0.13692403153442226,0.008663669328369823,0.036956614877350136,0.0428,941,10000,469,472,16,exact rendered prompt cluster,occurrence-weighted test performance,1931082307,1931082307
llama-3.2-1b,number,lemma-heldout,accuracy,0.9075451647183846,0.740701381509033,-0.16684378320935167,-0.2591875390783037,-0.08384741856608868,0.044845552910139225,0.0,941,10000,458,483,37,exact rendered prompt cluster,occurrence-weighted test performance,1360535207,1360535207
llama-3.2-1b,number,lemma-heldout,macro_f1,0.78198180684147,0.531814194314704,-0.250167612526766,-0.35499467077947816,-0.11003554585508567,0.06217944322465847,0.0005,941,10000,458,483,37,exact rendered prompt cluster,occurrence-weighted test performance,1360535207,1360535207
llama-3.2-1b,number,root-heldout,accuracy,0.9054197662061636,0.8140276301806588,-0.09139213602550478,-0.14010695187165778,-0.042742366028547765,0.025109128253725466,0.0001,941,10000,469,472,16,exact rendered prompt cluster,occurrence-weighted test performance,2650006526,2650006526
llama-3.2-1b,number,root-heldout,macro_f1,0.5373591759130508,0.4899058265401662,-0.047453349372884646,-0.10598228510086022,0.018388860596156898,0.031489223037325244,0.0716,941,10000,469,472,16,exact rendered prompt cluster,occurrence-weighted test performance,2650006526,2650006526
llama-3.2-1b,pos,lemma-heldout,accuracy,0.7545164718384697,0.7045696068012752,-0.04994686503719448,-0.1195923978128042,0.02347888772967014,0.03631710835494905,0.0825,941,10000,458,483,37,exact rendered prompt cluster,occurrence-weighted test performance,2816047291,2816047291
llama-3.2-1b,pos,lemma-heldout,macro_f1,0.732527509766758,0.6313033727710703,-0.10122413699568766,-0.17341169341487317,-0.0293374103165832,0.036419761837816575,0.0029,941,10000,458,483,37,exact rendered prompt cluster,occurrence-weighted test performance,2816047291,2816047291
llama-3.2-1b,pos,root-heldout,accuracy,0.769394261424017,0.6737513283740701,-0.09564293304994687,-0.1625954066495928,-0.02886807191393703,0.03428590795382248,0.0013,941,10000,469,472,16,exact rendered prompt cluster,occurrence-weighted test performance,430643812,430643812
llama-3.2-1b,pos,root-heldout,macro_f1,0.7720526031151059,0.6688089482868684,-0.1032436548282375,-0.17363200778835838,-0.03336044993874417,0.03579533021499303,0.0014,941,10000,469,472,16,exact rendered prompt cluster,occurrence-weighted test performance,430643812,430643812
qwen3-0.6b,gender,lemma-heldout,accuracy,0.9298618490967057,0.8852284803400637,-0.04463336875664192,-0.08805099000871448,-0.003318309656457623,0.021629707499441854,0.0143,941,10000,458,483,37,exact rendered prompt cluster,occurrence-weighted test performance,155661938,155661938
qwen3-0.6b,gender,lemma-heldout,macro_f1,0.9245810462913489,0.8780034572169404,-0.046577589074408454,-0.09269034725018245,-0.0029836275927296067,0.022832317516464213,0.0169,941,10000,458,483,37,exact rendered prompt cluster,occurrence-weighted test performance,155661938,155661938
qwen3-0.6b,gender,root-heldout,accuracy,0.8055260361317748,0.8597236981934112,0.054197662061636454,-0.006336132481855816,0.1164325017107344,0.03134859370339617,0.9565,941,10000,469,472,16,exact rendered prompt cluster,occurrence-weighted test performance,1564536497,1564536497
qwen3-0.6b,gender,root-heldout,macro_f1,0.8043158845688376,0.8540838478671515,0.0497679632983139,-0.010637453613104156,0.1113408925128882,0.03105024184568182,0.9443,941,10000,469,472,16,exact rendered prompt cluster,occurrence-weighted test performance,1564536497,1564536497
qwen3-0.6b,number,lemma-heldout,accuracy,0.9362380446333688,0.9458023379383634,0.009564293304994642,-0.018443012317331475,0.038384808652756085,0.014527804880650853,0.7327,941,10000,458,483,37,exact rendered prompt cluster,occurrence-weighted test performance,3900546229,3900546229
qwen3-0.6b,number,lemma-heldout,macro_f1,0.7812505771969406,0.8459794274632575,0.06472885026631692,-0.04380501272933552,0.1970928589973469,0.06276217153707206,0.8559,941,10000,458,483,37,exact rendered prompt cluster,occurrence-weighted test performance,3900546229,3900546229
qwen3-0.6b,number,root-heldout,accuracy,0.9330499468650372,0.9585547290116897,0.025504782146652527,-0.0022077502533002554,0.054025717262109973,0.014335781716877011,0.962,941,10000,469,472,16,exact rendered prompt cluster,occurrence-weighted test performance,3924930701,3924930701
qwen3-0.6b,number,root-heldout,macro_f1,0.5687381146427601,0.7690545254642828,0.20031641082152263,0.020283174986617244,0.3415659311492657,0.08295391327094279,0.9938,941,10000,469,472,16,exact rendered prompt cluster,occurrence-weighted test performance,3924930701,3924930701
qwen3-0.6b,pos,lemma-heldout,accuracy,0.869287991498406,0.8682252922422954,-0.0010626992561105775,-0.056947795322935924,0.05929668793867087,0.029373393044924,0.4507,941,10000,458,483,37,exact rendered prompt cluster,occurrence-weighted test performance,1309186713,1309186713
qwen3-0.6b,pos,lemma-heldout,macro_f1,0.8311773510503268,0.8337424662075908,0.0025651151572640973,-0.06655864281326423,0.07577361959307298,0.03614038658799257,0.4885,941,10000,458,483,37,exact rendered prompt cluster,occurrence-weighted test performance,1309186713,1309186713
qwen3-0.6b,pos,root-heldout,accuracy,0.7247608926673751,0.8416578108395324,0.1168969181721573,0.04888825757575756,0.18407042433971707,0.034621988835581326,0.9998,941,10000,469,472,16,exact rendered prompt cluster,occurrence-weighted test performance,3314419511,3314419511
qwen3-0.6b,pos,root-heldout,macro_f1,0.6694560028402924,0.8386038394415358,0.16914783660124344,0.0934185440369194,0.24019215016199696,0.037758399993746666,1.0,941,10000,469,472,16,exact rendered prompt cluster,occurrence-weighted test performance,3314419511,3314419511
